<annotation>
	<folder>JPEGImages</folder>
	<filename>164.jpg</filename>
	<path>H:\paper-2\spore\JPEGImages\164.jpg</path>
	<source>
		<database>Unknown</database>
	</source>
	<size>
		<width>2748</width>
		<height>2200</height>
		<depth>3</depth>
	</size>
	<segmented>0</segmented>
	<object>
		<name>powderymildew</name>
		<pose>Unspecified</pose>
		<truncated>0</truncated>
		<difficult>0</difficult>
		<bndbox>
			<xmin>1694</xmin>
			<ymin>1413</ymin>
			<xmax>1844</xmax>
			<ymax>1506</ymax>
		</bndbox>
	</object>
	<object>
		<name>powderymildew</name>
		<pose>Unspecified</pose>
		<truncated>0</truncated>
		<difficult>0</difficult>
		<bndbox>
			<xmin>1839</xmin>
			<ymin>1435</ymin>
			<xmax>1988</xmax>
			<ymax>1541</ymax>
		</bndbox>
	</object>
	<object>
		<name>powderymildew</name>
		<pose>Unspecified</pose>
		<truncated>0</truncated>
		<difficult>0</difficult>
		<bndbox>
			<xmin>1797</xmin>
			<ymin>1752</ymin>
			<xmax>1934</xmax>
			<ymax>1853</ymax>
		</bndbox>
	</object>
	<object>
		<name>powderymildew</name>
		<pose>Unspecified</pose>
		<truncated>0</truncated>
		<difficult>0</difficult>
		<bndbox>
			<xmin>1916</xmin>
			<ymin>1737</ymin>
			<xmax>2035</xmax>
			<ymax>1876</ymax>
		</bndbox>
	</object>
	<object>
		<name>powderymildew</name>
		<pose>Unspecified</pose>
		<truncated>0</truncated>
		<difficult>0</difficult>
		<bndbox>
			<xmin>1963</xmin>
			<ymin>1882</ymin>
			<xmax>2103</xmax>
			<ymax>1994</ymax>
		</bndbox>
	</object>
	<object>
		<name>powderymildew</name>
		<pose>Unspecified</pose>
		<truncated>0</truncated>
		<difficult>0</difficult>
		<bndbox>
			<xmin>2212</xmin>
			<ymin>1897</ymin>
			<xmax>2347</xmax>
			<ymax>2011</ymax>
		</bndbox>
	</object>
	<object>
		<name>powderymildew</name>
		<pose>Unspecified</pose>
		<truncated>0</truncated>
		<difficult>0</difficult>
		<bndbox>
			<xmin>2152</xmin>
			<ymin>1834</ymin>
			<xmax>2246</xmax>
			<ymax>1981</ymax>
		</bndbox>
	</object>
	<object>
		<name>powderymildew</name>
		<pose>Unspecified</pose>
		<truncated>0</truncated>
		<difficult>0</difficult>
		<bndbox>
			<xmin>2189</xmin>
			<ymin>1771</ymin>
			<xmax>2335</xmax>
			<ymax>1861</ymax>
		</bndbox>
	</object>
	<object>
		<name>powderymildew</name>
		<pose>Unspecified</pose>
		<truncated>0</truncated>
		<difficult>0</difficult>
		<bndbox>
			<xmin>2055</xmin>
			<ymin>1761</ymin>
			<xmax>2187</xmax>
			<ymax>1875</ymax>
		</bndbox>
	</object>
	<object>
		<name>powderymildew</name>
		<pose>Unspecified</pose>
		<truncated>0</truncated>
		<difficult>0</difficult>
		<bndbox>
			<xmin>1968</xmin>
			<ymin>1690</ymin>
			<xmax>2086</xmax>
			<ymax>1792</ymax>
		</bndbox>
	</object>
	<object>
		<name>powderymildew</name>
		<pose>Unspecified</pose>
		<truncated>0</truncated>
		<difficult>0</difficult>
		<bndbox>
			<xmin>1941</xmin>
			<ymin>1546</ymin>
			<xmax>2023</xmax>
			<ymax>1699</ymax>
		</bndbox>
	</object>
	<object>
		<name>powderymildew</name>
		<pose>Unspecified</pose>
		<truncated>0</truncated>
		<difficult>0</difficult>
		<bndbox>
			<xmin>2092</xmin>
			<ymin>1456</ymin>
			<xmax>2191</xmax>
			<ymax>1605</ymax>
		</bndbox>
	</object>
	<object>
		<name>powderymildew</name>
		<pose>Unspecified</pose>
		<truncated>0</truncated>
		<difficult>0</difficult>
		<bndbox>
			<xmin>2179</xmin>
			<ymin>1434</ymin>
			<xmax>2325</xmax>
			<ymax>1532</ymax>
		</bndbox>
	</object>
	<object>
		<name>powderymildew</name>
		<pose>Unspecified</pose>
		<truncated>0</truncated>
		<difficult>0</difficult>
		<bndbox>
			<xmin>2198</xmin>
			<ymin>1525</ymin>
			<xmax>2298</xmax>
			<ymax>1653</ymax>
		</bndbox>
	</object>
	<object>
		<name>powderymildew</name>
		<pose>Unspecified</pose>
		<truncated>0</truncated>
		<difficult>0</difficult>
		<bndbox>
			<xmin>2165</xmin>
			<ymin>1589</ymin>
			<xmax>2240</xmax>
			<ymax>1692</ymax>
		</bndbox>
	</object>
	<object>
		<name>powderymildew</name>
		<pose>Unspecified</pose>
		<truncated>0</truncated>
		<difficult>0</difficult>
		<bndbox>
			<xmin>2163</xmin>
			<ymin>1589</ymin>
			<xmax>2296</xmax>
			<ymax>1702</ymax>
		</bndbox>
	</object>
	<object>
		<name>powderymildew</name>
		<pose>Unspecified</pose>
		<truncated>0</truncated>
		<difficult>0</difficult>
		<bndbox>
			<xmin>2138</xmin>
			<ymin>1632</ymin>
			<xmax>2260</xmax>
			<ymax>1737</ymax>
		</bndbox>
	</object>
	<object>
		<name>powderymildew</name>
		<pose>Unspecified</pose>
		<truncated>0</truncated>
		<difficult>0</difficult>
		<bndbox>
			<xmin>2003</xmin>
			<ymin>1544</ymin>
			<xmax>2114</xmax>
			<ymax>1646</ymax>
		</bndbox>
	</object>
	<object>
		<name>powderymildew</name>
		<pose>Unspecified</pose>
		<truncated>0</truncated>
		<difficult>0</difficult>
		<bndbox>
			<xmin>2064</xmin>
			<ymin>1608</ymin>
			<xmax>2150</xmax>
			<ymax>1771</ymax>
		</bndbox>
	</object>
	<object>
		<name>powderymildew</name>
		<pose>Unspecified</pose>
		<truncated>1</truncated>
		<difficult>0</difficult>
		<bndbox>
			<xmin>1</xmin>
			<ymin>767</ymin>
			<xmax>35</xmax>
			<ymax>885</ymax>
		</bndbox>
	</object>
	<object>
		<name>powderymildew</name>
		<pose>Unspecified</pose>
		<truncated>0</truncated>
		<difficult>0</difficult>
		<bndbox>
			<xmin>852</xmin>
			<ymin>398</ymin>
			<xmax>1003</xmax>
			<ymax>489</ymax>
		</bndbox>
	</object>
	<object>
		<name>powderymildew</name>
		<pose>Unspecified</pose>
		<truncated>0</truncated>
		<difficult>0</difficult>
		<bndbox>
			<xmin>951</xmin>
			<ymin>252</ymin>
			<xmax>1041</xmax>
			<ymax>428</ymax>
		</bndbox>
	</object>
	<object>
		<name>powderymildew</name>
		<pose>Unspecified</pose>
		<truncated>0</truncated>
		<difficult>0</difficult>
		<bndbox>
			<xmin>1013</xmin>
			<ymin>179</ymin>
			<xmax>1094</xmax>
			<ymax>335</ymax>
		</bndbox>
	</object>
	<object>
		<name>powderymildew</name>
		<pose>Unspecified</pose>
		<truncated>0</truncated>
		<difficult>0</difficult>
		<bndbox>
			<xmin>1021</xmin>
			<ymin>311</ymin>
			<xmax>1134</xmax>
			<ymax>453</ymax>
		</bndbox>
	</object>
	<object>
		<name>powderymildew</name>
		<pose>Unspecified</pose>
		<truncated>0</truncated>
		<difficult>0</difficult>
		<bndbox>
			<xmin>1465</xmin>
			<ymin>592</ymin>
			<xmax>1568</xmax>
			<ymax>691</ymax>
		</bndbox>
	</object>
	<object>
		<name>powderymildew</name>
		<pose>Unspecified</pose>
		<truncated>0</truncated>
		<difficult>0</difficult>
		<bndbox>
			<xmin>1491</xmin>
			<ymin>548</ymin>
			<xmax>1624</xmax>
			<ymax>651</ymax>
		</bndbox>
	</object>
</annotation>
