<annotation>
	<folder>JPEGImages</folder>
	<filename>143.jpg</filename>
	<path>H:\paper-2\spore\JPEGImages\143.jpg</path>
	<source>
		<database>Unknown</database>
	</source>
	<size>
		<width>2748</width>
		<height>2200</height>
		<depth>3</depth>
	</size>
	<segmented>0</segmented>
	<object>
		<name>powderymildew</name>
		<pose>Unspecified</pose>
		<truncated>1</truncated>
		<difficult>0</difficult>
		<bndbox>
			<xmin>1348</xmin>
			<ymin>2112</ymin>
			<xmax>1447</xmax>
			<ymax>2200</ymax>
		</bndbox>
	</object>
	<object>
		<name>powderymildew</name>
		<pose>Unspecified</pose>
		<truncated>0</truncated>
		<difficult>0</difficult>
		<bndbox>
			<xmin>690</xmin>
			<ymin>1975</ymin>
			<xmax>802</xmax>
			<ymax>2079</ymax>
		</bndbox>
	</object>
	<object>
		<name>powderymildew</name>
		<pose>Unspecified</pose>
		<truncated>0</truncated>
		<difficult>0</difficult>
		<bndbox>
			<xmin>974</xmin>
			<ymin>1843</ymin>
			<xmax>1074</xmax>
			<ymax>1930</ymax>
		</bndbox>
	</object>
	<object>
		<name>powderymildew</name>
		<pose>Unspecified</pose>
		<truncated>0</truncated>
		<difficult>0</difficult>
		<bndbox>
			<xmin>856</xmin>
			<ymin>1379</ymin>
			<xmax>957</xmax>
			<ymax>1502</ymax>
		</bndbox>
	</object>
	<object>
		<name>powderymildew</name>
		<pose>Unspecified</pose>
		<truncated>0</truncated>
		<difficult>0</difficult>
		<bndbox>
			<xmin>2123</xmin>
			<ymin>1080</ymin>
			<xmax>2249</xmax>
			<ymax>1174</ymax>
		</bndbox>
	</object>
	<object>
		<name>powderymildew</name>
		<pose>Unspecified</pose>
		<truncated>0</truncated>
		<difficult>0</difficult>
		<bndbox>
			<xmin>687</xmin>
			<ymin>995</ymin>
			<xmax>813</xmax>
			<ymax>1086</ymax>
		</bndbox>
	</object>
	<object>
		<name>powderymildew</name>
		<pose>Unspecified</pose>
		<truncated>0</truncated>
		<difficult>0</difficult>
		<bndbox>
			<xmin>1929</xmin>
			<ymin>92</ymin>
			<xmax>2044</xmax>
			<ymax>216</ymax>
		</bndbox>
	</object>
	<object>
		<name>powderymildew</name>
		<pose>Unspecified</pose>
		<truncated>0</truncated>
		<difficult>0</difficult>
		<bndbox>
			<xmin>1195</xmin>
			<ymin>515</ymin>
			<xmax>1292</xmax>
			<ymax>604</ymax>
		</bndbox>
	</object>
	<object>
		<name>powderymildew</name>
		<pose>Unspecified</pose>
		<truncated>0</truncated>
		<difficult>0</difficult>
		<bndbox>
			<xmin>1344</xmin>
			<ymin>162</ymin>
			<xmax>1474</xmax>
			<ymax>310</ymax>
		</bndbox>
	</object>
	<object>
		<name>powderymildew</name>
		<pose>Unspecified</pose>
		<truncated>1</truncated>
		<difficult>0</difficult>
		<bndbox>
			<xmin>2610</xmin>
			<ymin>17</ymin>
			<xmax>2748</xmax>
			<ymax>123</ymax>
		</bndbox>
	</object>
</annotation>
