<annotation>
	<folder>JPEGImages</folder>
	<filename>158.jpg</filename>
	<path>H:\paper-2\spore\JPEGImages\158.jpg</path>
	<source>
		<database>Unknown</database>
	</source>
	<size>
		<width>2748</width>
		<height>2200</height>
		<depth>3</depth>
	</size>
	<segmented>0</segmented>
	<object>
		<name>powderymildew</name>
		<pose>Unspecified</pose>
		<truncated>0</truncated>
		<difficult>0</difficult>
		<bndbox>
			<xmin>2361</xmin>
			<ymin>1868</ymin>
			<xmax>2482</xmax>
			<ymax>1970</ymax>
		</bndbox>
	</object>
	<object>
		<name>powderymildew</name>
		<pose>Unspecified</pose>
		<truncated>0</truncated>
		<difficult>0</difficult>
		<bndbox>
			<xmin>2174</xmin>
			<ymin>941</ymin>
			<xmax>2309</xmax>
			<ymax>1034</ymax>
		</bndbox>
	</object>
	<object>
		<name>powderymildew</name>
		<pose>Unspecified</pose>
		<truncated>0</truncated>
		<difficult>0</difficult>
		<bndbox>
			<xmin>1045</xmin>
			<ymin>793</ymin>
			<xmax>1186</xmax>
			<ymax>885</ymax>
		</bndbox>
	</object>
	<object>
		<name>powderymildew</name>
		<pose>Unspecified</pose>
		<truncated>0</truncated>
		<difficult>0</difficult>
		<bndbox>
			<xmin>10</xmin>
			<ymin>1015</ymin>
			<xmax>92</xmax>
			<ymax>1116</ymax>
		</bndbox>
	</object>
	<object>
		<name>powderymildew</name>
		<pose>Unspecified</pose>
		<truncated>0</truncated>
		<difficult>0</difficult>
		<bndbox>
			<xmin>38</xmin>
			<ymin>1073</ymin>
			<xmax>123</xmax>
			<ymax>1159</ymax>
		</bndbox>
	</object>
	<object>
		<name>powderymildew</name>
		<pose>Unspecified</pose>
		<truncated>1</truncated>
		<difficult>0</difficult>
		<bndbox>
			<xmin>1</xmin>
			<ymin>1105</ymin>
			<xmax>71</xmax>
			<ymax>1197</ymax>
		</bndbox>
	</object>
	<object>
		<name>powderymildew</name>
		<pose>Unspecified</pose>
		<truncated>0</truncated>
		<difficult>0</difficult>
		<bndbox>
			<xmin>94</xmin>
			<ymin>1124</ymin>
			<xmax>204</xmax>
			<ymax>1220</ymax>
		</bndbox>
	</object>
	<object>
		<name>powderymildew</name>
		<pose>Unspecified</pose>
		<truncated>0</truncated>
		<difficult>0</difficult>
		<bndbox>
			<xmin>172</xmin>
			<ymin>1039</ymin>
			<xmax>290</xmax>
			<ymax>1131</ymax>
		</bndbox>
	</object>
	<object>
		<name>powderymildew</name>
		<pose>Unspecified</pose>
		<truncated>0</truncated>
		<difficult>0</difficult>
		<bndbox>
			<xmin>263</xmin>
			<ymin>1017</ymin>
			<xmax>359</xmax>
			<ymax>1135</ymax>
		</bndbox>
	</object>
	<object>
		<name>powderymildew</name>
		<pose>Unspecified</pose>
		<truncated>0</truncated>
		<difficult>0</difficult>
		<bndbox>
			<xmin>237</xmin>
			<ymin>1065</ymin>
			<xmax>376</xmax>
			<ymax>1158</ymax>
		</bndbox>
	</object>
	<object>
		<name>powderymildew</name>
		<pose>Unspecified</pose>
		<truncated>1</truncated>
		<difficult>0</difficult>
		<bndbox>
			<xmin>1</xmin>
			<ymin>1287</ymin>
			<xmax>148</xmax>
			<ymax>1400</ymax>
		</bndbox>
	</object>
	<object>
		<name>powderymildew</name>
		<pose>Unspecified</pose>
		<truncated>0</truncated>
		<difficult>0</difficult>
		<bndbox>
			<xmin>164</xmin>
			<ymin>1268</ymin>
			<xmax>267</xmax>
			<ymax>1409</ymax>
		</bndbox>
	</object>
	<object>
		<name>powderymildew</name>
		<pose>Unspecified</pose>
		<truncated>0</truncated>
		<difficult>0</difficult>
		<bndbox>
			<xmin>557</xmin>
			<ymin>1646</ymin>
			<xmax>699</xmax>
			<ymax>1737</ymax>
		</bndbox>
	</object>
	<object>
		<name>powderymildew</name>
		<pose>Unspecified</pose>
		<truncated>0</truncated>
		<difficult>0</difficult>
		<bndbox>
			<xmin>572</xmin>
			<ymin>1705</ymin>
			<xmax>731</xmax>
			<ymax>1806</ymax>
		</bndbox>
	</object>
	<object>
		<name>powderymildew</name>
		<pose>Unspecified</pose>
		<truncated>0</truncated>
		<difficult>0</difficult>
		<bndbox>
			<xmin>689</xmin>
			<ymin>1648</ymin>
			<xmax>790</xmax>
			<ymax>1764</ymax>
		</bndbox>
	</object>
	<object>
		<name>powderymildew</name>
		<pose>Unspecified</pose>
		<truncated>0</truncated>
		<difficult>0</difficult>
		<bndbox>
			<xmin>609</xmin>
			<ymin>1857</ymin>
			<xmax>708</xmax>
			<ymax>2020</ymax>
		</bndbox>
	</object>
	<object>
		<name>powderymildew</name>
		<pose>Unspecified</pose>
		<truncated>0</truncated>
		<difficult>0</difficult>
		<bndbox>
			<xmin>733</xmin>
			<ymin>1765</ymin>
			<xmax>833</xmax>
			<ymax>1894</ymax>
		</bndbox>
	</object>
	<object>
		<name>powderymildew</name>
		<pose>Unspecified</pose>
		<truncated>0</truncated>
		<difficult>0</difficult>
		<bndbox>
			<xmin>1296</xmin>
			<ymin>1675</ymin>
			<xmax>1405</xmax>
			<ymax>1793</ymax>
		</bndbox>
	</object>
	<object>
		<name>powderymildew</name>
		<pose>Unspecified</pose>
		<truncated>0</truncated>
		<difficult>0</difficult>
		<bndbox>
			<xmin>1411</xmin>
			<ymin>1683</ymin>
			<xmax>1496</xmax>
			<ymax>1765</ymax>
		</bndbox>
	</object>
	<object>
		<name>powderymildew</name>
		<pose>Unspecified</pose>
		<truncated>0</truncated>
		<difficult>0</difficult>
		<bndbox>
			<xmin>1468</xmin>
			<ymin>1755</ymin>
			<xmax>1579</xmax>
			<ymax>1872</ymax>
		</bndbox>
	</object>
	<object>
		<name>powderymildew</name>
		<pose>Unspecified</pose>
		<truncated>0</truncated>
		<difficult>0</difficult>
		<bndbox>
			<xmin>1044</xmin>
			<ymin>1851</ymin>
			<xmax>1113</xmax>
			<ymax>1976</ymax>
		</bndbox>
	</object>
	<object>
		<name>powderymildew</name>
		<pose>Unspecified</pose>
		<truncated>0</truncated>
		<difficult>0</difficult>
		<bndbox>
			<xmin>1072</xmin>
			<ymin>1863</ymin>
			<xmax>1160</xmax>
			<ymax>1994</ymax>
		</bndbox>
	</object>
	<object>
		<name>powderymildew</name>
		<pose>Unspecified</pose>
		<truncated>0</truncated>
		<difficult>0</difficult>
		<bndbox>
			<xmin>1112</xmin>
			<ymin>1863</ymin>
			<xmax>1206</xmax>
			<ymax>2003</ymax>
		</bndbox>
	</object>
	<object>
		<name>powderymildew</name>
		<pose>Unspecified</pose>
		<truncated>0</truncated>
		<difficult>0</difficult>
		<bndbox>
			<xmin>1152</xmin>
			<ymin>1878</ymin>
			<xmax>1254</xmax>
			<ymax>1980</ymax>
		</bndbox>
	</object>
	<object>
		<name>powderymildew</name>
		<pose>Unspecified</pose>
		<truncated>0</truncated>
		<difficult>0</difficult>
		<bndbox>
			<xmin>1160</xmin>
			<ymin>1933</ymin>
			<xmax>1292</xmax>
			<ymax>2045</ymax>
		</bndbox>
	</object>
	<object>
		<name>powderymildew</name>
		<pose>Unspecified</pose>
		<truncated>0</truncated>
		<difficult>0</difficult>
		<bndbox>
			<xmin>1236</xmin>
			<ymin>1905</ymin>
			<xmax>1344</xmax>
			<ymax>2049</ymax>
		</bndbox>
	</object>
	<object>
		<name>powderymildew</name>
		<pose>Unspecified</pose>
		<truncated>0</truncated>
		<difficult>0</difficult>
		<bndbox>
			<xmin>1263</xmin>
			<ymin>1881</ymin>
			<xmax>1382</xmax>
			<ymax>1998</ymax>
		</bndbox>
	</object>
	<object>
		<name>powderymildew</name>
		<pose>Unspecified</pose>
		<truncated>0</truncated>
		<difficult>0</difficult>
		<bndbox>
			<xmin>1294</xmin>
			<ymin>1805</ymin>
			<xmax>1403</xmax>
			<ymax>1926</ymax>
		</bndbox>
	</object>
	<object>
		<name>powderymildew</name>
		<pose>Unspecified</pose>
		<truncated>0</truncated>
		<difficult>0</difficult>
		<bndbox>
			<xmin>1322</xmin>
			<ymin>1842</ymin>
			<xmax>1460</xmax>
			<ymax>1959</ymax>
		</bndbox>
	</object>
	<object>
		<name>powderymildew</name>
		<pose>Unspecified</pose>
		<truncated>0</truncated>
		<difficult>0</difficult>
		<bndbox>
			<xmin>1370</xmin>
			<ymin>1780</ymin>
			<xmax>1518</xmax>
			<ymax>1905</ymax>
		</bndbox>
	</object>
	<object>
		<name>powderymildew</name>
		<pose>Unspecified</pose>
		<truncated>0</truncated>
		<difficult>0</difficult>
		<bndbox>
			<xmin>1488</xmin>
			<ymin>1851</ymin>
			<xmax>1605</xmax>
			<ymax>1961</ymax>
		</bndbox>
	</object>
	<object>
		<name>powderymildew</name>
		<pose>Unspecified</pose>
		<truncated>0</truncated>
		<difficult>0</difficult>
		<bndbox>
			<xmin>1512</xmin>
			<ymin>1937</ymin>
			<xmax>1637</xmax>
			<ymax>2022</ymax>
		</bndbox>
	</object>
	<object>
		<name>powderymildew</name>
		<pose>Unspecified</pose>
		<truncated>0</truncated>
		<difficult>0</difficult>
		<bndbox>
			<xmin>1472</xmin>
			<ymin>1949</ymin>
			<xmax>1595</xmax>
			<ymax>2081</ymax>
		</bndbox>
	</object>
	<object>
		<name>powderymildew</name>
		<pose>Unspecified</pose>
		<truncated>0</truncated>
		<difficult>0</difficult>
		<bndbox>
			<xmin>1416</xmin>
			<ymin>1986</ymin>
			<xmax>1532</xmax>
			<ymax>2151</ymax>
		</bndbox>
	</object>
	<object>
		<name>powderymildew</name>
		<pose>Unspecified</pose>
		<truncated>0</truncated>
		<difficult>0</difficult>
		<bndbox>
			<xmin>1339</xmin>
			<ymin>1926</ymin>
			<xmax>1455</xmax>
			<ymax>2057</ymax>
		</bndbox>
	</object>
	<object>
		<name>powderymildew</name>
		<pose>Unspecified</pose>
		<truncated>0</truncated>
		<difficult>0</difficult>
		<bndbox>
			<xmin>1275</xmin>
			<ymin>1988</ymin>
			<xmax>1419</xmax>
			<ymax>2083</ymax>
		</bndbox>
	</object>
	<object>
		<name>powderymildew</name>
		<pose>Unspecified</pose>
		<truncated>0</truncated>
		<difficult>0</difficult>
		<bndbox>
			<xmin>983</xmin>
			<ymin>1940</ymin>
			<xmax>1087</xmax>
			<ymax>2095</ymax>
		</bndbox>
	</object>
	<object>
		<name>powderymildew</name>
		<pose>Unspecified</pose>
		<truncated>0</truncated>
		<difficult>0</difficult>
		<bndbox>
			<xmin>955</xmin>
			<ymin>2065</ymin>
			<xmax>1112</xmax>
			<ymax>2162</ymax>
		</bndbox>
	</object>
	<object>
		<name>powderymildew</name>
		<pose>Unspecified</pose>
		<truncated>0</truncated>
		<difficult>0</difficult>
		<bndbox>
			<xmin>1058</xmin>
			<ymin>2074</ymin>
			<xmax>1194</xmax>
			<ymax>2173</ymax>
		</bndbox>
	</object>
	<object>
		<name>powderymildew</name>
		<pose>Unspecified</pose>
		<truncated>0</truncated>
		<difficult>0</difficult>
		<bndbox>
			<xmin>1195</xmin>
			<ymin>2012</ymin>
			<xmax>1284</xmax>
			<ymax>2145</ymax>
		</bndbox>
	</object>
	<object>
		<name>powderymildew</name>
		<pose>Unspecified</pose>
		<truncated>0</truncated>
		<difficult>0</difficult>
		<bndbox>
			<xmin>1126</xmin>
			<ymin>2009</ymin>
			<xmax>1235</xmax>
			<ymax>2090</ymax>
		</bndbox>
	</object>
	<object>
		<name>powderymildew</name>
		<pose>Unspecified</pose>
		<truncated>0</truncated>
		<difficult>0</difficult>
		<bndbox>
			<xmin>1314</xmin>
			<ymin>2034</ymin>
			<xmax>1393</xmax>
			<ymax>2148</ymax>
		</bndbox>
	</object>
	<object>
		<name>powderymildew</name>
		<pose>Unspecified</pose>
		<truncated>0</truncated>
		<difficult>0</difficult>
		<bndbox>
			<xmin>1318</xmin>
			<ymin>2067</ymin>
			<xmax>1427</xmax>
			<ymax>2162</ymax>
		</bndbox>
	</object>
	<object>
		<name>powderymildew</name>
		<pose>Unspecified</pose>
		<truncated>1</truncated>
		<difficult>0</difficult>
		<bndbox>
			<xmin>1406</xmin>
			<ymin>2134</ymin>
			<xmax>1519</xmax>
			<ymax>2200</ymax>
		</bndbox>
	</object>
	<object>
		<name>powderymildew</name>
		<pose>Unspecified</pose>
		<truncated>1</truncated>
		<difficult>0</difficult>
		<bndbox>
			<xmin>1057</xmin>
			<ymin>2153</ymin>
			<xmax>1178</xmax>
			<ymax>2200</ymax>
		</bndbox>
	</object>
	<object>
		<name>powderymildew</name>
		<pose>Unspecified</pose>
		<truncated>1</truncated>
		<difficult>0</difficult>
		<bndbox>
			<xmin>937</xmin>
			<ymin>2143</ymin>
			<xmax>1092</xmax>
			<ymax>2200</ymax>
		</bndbox>
	</object>
	<object>
		<name>powderymildew</name>
		<pose>Unspecified</pose>
		<truncated>1</truncated>
		<difficult>0</difficult>
		<bndbox>
			<xmin>1</xmin>
			<ymin>663</ymin>
			<xmax>123</xmax>
			<ymax>747</ymax>
		</bndbox>
	</object>
	<object>
		<name>powderymildew</name>
		<pose>Unspecified</pose>
		<truncated>0</truncated>
		<difficult>0</difficult>
		<bndbox>
			<xmin>101</xmin>
			<ymin>625</ymin>
			<xmax>228</xmax>
			<ymax>707</ymax>
		</bndbox>
	</object>
	<object>
		<name>powderymildew</name>
		<pose>Unspecified</pose>
		<truncated>1</truncated>
		<difficult>0</difficult>
		<bndbox>
			<xmin>1</xmin>
			<ymin>448</ymin>
			<xmax>102</xmax>
			<ymax>572</ymax>
		</bndbox>
	</object>
	<object>
		<name>powderymildew</name>
		<pose>Unspecified</pose>
		<truncated>0</truncated>
		<difficult>0</difficult>
		<bndbox>
			<xmin>72</xmin>
			<ymin>484</ymin>
			<xmax>187</xmax>
			<ymax>568</ymax>
		</bndbox>
	</object>
	<object>
		<name>powderymildew</name>
		<pose>Unspecified</pose>
		<truncated>1</truncated>
		<difficult>0</difficult>
		<bndbox>
			<xmin>1</xmin>
			<ymin>529</ymin>
			<xmax>104</xmax>
			<ymax>620</ymax>
		</bndbox>
	</object>
</annotation>
