<annotation>
	<folder>JPEGImages</folder>
	<filename>119.jpg</filename>
	<path>H:\paper-2\spore\JPEGImages\119.jpg</path>
	<source>
		<database>Unknown</database>
	</source>
	<size>
		<width>2748</width>
		<height>2200</height>
		<depth>3</depth>
	</size>
	<segmented>0</segmented>
	<object>
		<name>fusarium</name>
		<pose>Unspecified</pose>
		<truncated>0</truncated>
		<difficult>0</difficult>
		<bndbox>
			<xmin>1652</xmin>
			<ymin>1919</ymin>
			<xmax>1734</xmax>
			<ymax>2010</ymax>
		</bndbox>
	</object>
	<object>
		<name>fusarium</name>
		<pose>Unspecified</pose>
		<truncated>0</truncated>
		<difficult>0</difficult>
		<bndbox>
			<xmin>1358</xmin>
			<ymin>1491</ymin>
			<xmax>1404</xmax>
			<ymax>1563</ymax>
		</bndbox>
	</object>
	<object>
		<name>fusarium</name>
		<pose>Unspecified</pose>
		<truncated>0</truncated>
		<difficult>0</difficult>
		<bndbox>
			<xmin>1844</xmin>
			<ymin>1531</ymin>
			<xmax>1941</xmax>
			<ymax>1645</ymax>
		</bndbox>
	</object>
	<object>
		<name>fusarium</name>
		<pose>Unspecified</pose>
		<truncated>0</truncated>
		<difficult>0</difficult>
		<bndbox>
			<xmin>1758</xmin>
			<ymin>1451</ymin>
			<xmax>1806</xmax>
			<ymax>1484</ymax>
		</bndbox>
	</object>
	<object>
		<name>fusarium</name>
		<pose>Unspecified</pose>
		<truncated>0</truncated>
		<difficult>0</difficult>
		<bndbox>
			<xmin>1978</xmin>
			<ymin>1780</ymin>
			<xmax>2025</xmax>
			<ymax>1835</ymax>
		</bndbox>
	</object>
	<object>
		<name>fusarium</name>
		<pose>Unspecified</pose>
		<truncated>0</truncated>
		<difficult>0</difficult>
		<bndbox>
			<xmin>2070</xmin>
			<ymin>1743</ymin>
			<xmax>2135</xmax>
			<ymax>1791</ymax>
		</bndbox>
	</object>
	<object>
		<name>fusarium</name>
		<pose>Unspecified</pose>
		<truncated>0</truncated>
		<difficult>0</difficult>
		<bndbox>
			<xmin>2224</xmin>
			<ymin>1481</ymin>
			<xmax>2277</xmax>
			<ymax>1521</ymax>
		</bndbox>
	</object>
	<object>
		<name>fusarium</name>
		<pose>Unspecified</pose>
		<truncated>0</truncated>
		<difficult>0</difficult>
		<bndbox>
			<xmin>1906</xmin>
			<ymin>1242</ymin>
			<xmax>1964</xmax>
			<ymax>1300</ymax>
		</bndbox>
	</object>
	<object>
		<name>fusarium</name>
		<pose>Unspecified</pose>
		<truncated>0</truncated>
		<difficult>0</difficult>
		<bndbox>
			<xmin>2055</xmin>
			<ymin>1184</ymin>
			<xmax>2134</xmax>
			<ymax>1294</ymax>
		</bndbox>
	</object>
	<object>
		<name>fusarium</name>
		<pose>Unspecified</pose>
		<truncated>0</truncated>
		<difficult>0</difficult>
		<bndbox>
			<xmin>2165</xmin>
			<ymin>1231</ymin>
			<xmax>2194</xmax>
			<ymax>1278</ymax>
		</bndbox>
	</object>
	<object>
		<name>fusarium</name>
		<pose>Unspecified</pose>
		<truncated>1</truncated>
		<difficult>0</difficult>
		<bndbox>
			<xmin>2651</xmin>
			<ymin>1179</ymin>
			<xmax>2748</xmax>
			<ymax>1231</ymax>
		</bndbox>
	</object>
	<object>
		<name>fusarium</name>
		<pose>Unspecified</pose>
		<truncated>0</truncated>
		<difficult>0</difficult>
		<bndbox>
			<xmin>2517</xmin>
			<ymin>939</ymin>
			<xmax>2561</xmax>
			<ymax>980</ymax>
		</bndbox>
	</object>
	<object>
		<name>fusarium</name>
		<pose>Unspecified</pose>
		<truncated>0</truncated>
		<difficult>0</difficult>
		<bndbox>
			<xmin>584</xmin>
			<ymin>1471</ymin>
			<xmax>706</xmax>
			<ymax>1594</ymax>
		</bndbox>
	</object>
	<object>
		<name>fusarium</name>
		<pose>Unspecified</pose>
		<truncated>0</truncated>
		<difficult>0</difficult>
		<bndbox>
			<xmin>587</xmin>
			<ymin>1718</ymin>
			<xmax>656</xmax>
			<ymax>1781</ymax>
		</bndbox>
	</object>
	<object>
		<name>fusarium</name>
		<pose>Unspecified</pose>
		<truncated>0</truncated>
		<difficult>0</difficult>
		<bndbox>
			<xmin>188</xmin>
			<ymin>1885</ymin>
			<xmax>246</xmax>
			<ymax>1911</ymax>
		</bndbox>
	</object>
	<object>
		<name>fusarium</name>
		<pose>Unspecified</pose>
		<truncated>0</truncated>
		<difficult>0</difficult>
		<bndbox>
			<xmin>1124</xmin>
			<ymin>1186</ymin>
			<xmax>1238</xmax>
			<ymax>1225</ymax>
		</bndbox>
	</object>
	<object>
		<name>fusarium</name>
		<pose>Unspecified</pose>
		<truncated>0</truncated>
		<difficult>0</difficult>
		<bndbox>
			<xmin>811</xmin>
			<ymin>1129</ymin>
			<xmax>867</xmax>
			<ymax>1158</ymax>
		</bndbox>
	</object>
	<object>
		<name>fusarium</name>
		<pose>Unspecified</pose>
		<truncated>0</truncated>
		<difficult>0</difficult>
		<bndbox>
			<xmin>726</xmin>
			<ymin>1076</ymin>
			<xmax>762</xmax>
			<ymax>1108</ymax>
		</bndbox>
	</object>
	<object>
		<name>fusarium</name>
		<pose>Unspecified</pose>
		<truncated>0</truncated>
		<difficult>0</difficult>
		<bndbox>
			<xmin>598</xmin>
			<ymin>976</ymin>
			<xmax>653</xmax>
			<ymax>1009</ymax>
		</bndbox>
	</object>
	<object>
		<name>fusarium</name>
		<pose>Unspecified</pose>
		<truncated>0</truncated>
		<difficult>0</difficult>
		<bndbox>
			<xmin>933</xmin>
			<ymin>854</ymin>
			<xmax>1004</xmax>
			<ymax>903</ymax>
		</bndbox>
	</object>
	<object>
		<name>fusarium</name>
		<pose>Unspecified</pose>
		<truncated>0</truncated>
		<difficult>0</difficult>
		<bndbox>
			<xmin>641</xmin>
			<ymin>802</ymin>
			<xmax>713</xmax>
			<ymax>909</ymax>
		</bndbox>
	</object>
	<object>
		<name>fusarium</name>
		<pose>Unspecified</pose>
		<truncated>0</truncated>
		<difficult>0</difficult>
		<bndbox>
			<xmin>651</xmin>
			<ymin>746</ymin>
			<xmax>758</xmax>
			<ymax>851</ymax>
		</bndbox>
	</object>
	<object>
		<name>fusarium</name>
		<pose>Unspecified</pose>
		<truncated>0</truncated>
		<difficult>0</difficult>
		<bndbox>
			<xmin>1175</xmin>
			<ymin>690</ymin>
			<xmax>1265</xmax>
			<ymax>774</ymax>
		</bndbox>
	</object>
	<object>
		<name>fusarium</name>
		<pose>Unspecified</pose>
		<truncated>0</truncated>
		<difficult>0</difficult>
		<bndbox>
			<xmin>1995</xmin>
			<ymin>576</ymin>
			<xmax>2043</xmax>
			<ymax>616</ymax>
		</bndbox>
	</object>
	<object>
		<name>fusarium</name>
		<pose>Unspecified</pose>
		<truncated>0</truncated>
		<difficult>0</difficult>
		<bndbox>
			<xmin>1655</xmin>
			<ymin>186</ymin>
			<xmax>1710</xmax>
			<ymax>251</ymax>
		</bndbox>
	</object>
	<object>
		<name>fusarium</name>
		<pose>Unspecified</pose>
		<truncated>0</truncated>
		<difficult>0</difficult>
		<bndbox>
			<xmin>1732</xmin>
			<ymin>149</ymin>
			<xmax>1788</xmax>
			<ymax>215</ymax>
		</bndbox>
	</object>
	<object>
		<name>fusarium</name>
		<pose>Unspecified</pose>
		<truncated>0</truncated>
		<difficult>0</difficult>
		<bndbox>
			<xmin>1952</xmin>
			<ymin>150</ymin>
			<xmax>1985</xmax>
			<ymax>202</ymax>
		</bndbox>
	</object>
	<object>
		<name>fusarium</name>
		<pose>Unspecified</pose>
		<truncated>1</truncated>
		<difficult>0</difficult>
		<bndbox>
			<xmin>1800</xmin>
			<ymin>1</ymin>
			<xmax>1892</xmax>
			<ymax>36</ymax>
		</bndbox>
	</object>
	<object>
		<name>fusarium</name>
		<pose>Unspecified</pose>
		<truncated>0</truncated>
		<difficult>0</difficult>
		<bndbox>
			<xmin>1054</xmin>
			<ymin>470</ymin>
			<xmax>1100</xmax>
			<ymax>502</ymax>
		</bndbox>
	</object>
	<object>
		<name>fusarium</name>
		<pose>Unspecified</pose>
		<truncated>1</truncated>
		<difficult>0</difficult>
		<bndbox>
			<xmin>1089</xmin>
			<ymin>1</ymin>
			<xmax>1154</xmax>
			<ymax>75</ymax>
		</bndbox>
	</object>
	<object>
		<name>fusarium</name>
		<pose>Unspecified</pose>
		<truncated>1</truncated>
		<difficult>0</difficult>
		<bndbox>
			<xmin>1322</xmin>
			<ymin>1</ymin>
			<xmax>1404</xmax>
			<ymax>101</ymax>
		</bndbox>
	</object>
	<object>
		<name>fusarium</name>
		<pose>Unspecified</pose>
		<truncated>0</truncated>
		<difficult>0</difficult>
		<bndbox>
			<xmin>1396</xmin>
			<ymin>125</ymin>
			<xmax>1489</xmax>
			<ymax>238</ymax>
		</bndbox>
	</object>
	<object>
		<name>fusarium</name>
		<pose>Unspecified</pose>
		<truncated>1</truncated>
		<difficult>0</difficult>
		<bndbox>
			<xmin>781</xmin>
			<ymin>1</ymin>
			<xmax>814</xmax>
			<ymax>35</ymax>
		</bndbox>
	</object>
	<object>
		<name>fusarium</name>
		<pose>Unspecified</pose>
		<truncated>0</truncated>
		<difficult>0</difficult>
		<bndbox>
			<xmin>676</xmin>
			<ymin>396</ymin>
			<xmax>779</xmax>
			<ymax>495</ymax>
		</bndbox>
	</object>
	<object>
		<name>fusarium</name>
		<pose>Unspecified</pose>
		<truncated>0</truncated>
		<difficult>0</difficult>
		<bndbox>
			<xmin>115</xmin>
			<ymin>413</ymin>
			<xmax>202</xmax>
			<ymax>466</ymax>
		</bndbox>
	</object>
	<object>
		<name>fusarium</name>
		<pose>Unspecified</pose>
		<truncated>0</truncated>
		<difficult>0</difficult>
		<bndbox>
			<xmin>405</xmin>
			<ymin>332</ymin>
			<xmax>498</xmax>
			<ymax>423</ymax>
		</bndbox>
	</object>
	<object>
		<name>fusarium</name>
		<pose>Unspecified</pose>
		<truncated>0</truncated>
		<difficult>0</difficult>
		<bndbox>
			<xmin>328</xmin>
			<ymin>1758</ymin>
			<xmax>407</xmax>
			<ymax>1798</ymax>
		</bndbox>
	</object>
	<object>
		<name>fusarium</name>
		<pose>Unspecified</pose>
		<truncated>0</truncated>
		<difficult>0</difficult>
		<bndbox>
			<xmin>2482</xmin>
			<ymin>1935</ymin>
			<xmax>2525</xmax>
			<ymax>1979</ymax>
		</bndbox>
	</object>
	<object>
		<name>fusarium</name>
		<pose>Unspecified</pose>
		<truncated>0</truncated>
		<difficult>0</difficult>
		<bndbox>
			<xmin>2469</xmin>
			<ymin>780</ymin>
			<xmax>2501</xmax>
			<ymax>865</ymax>
		</bndbox>
	</object>
	<object>
		<name>fusarium</name>
		<pose>Unspecified</pose>
		<truncated>0</truncated>
		<difficult>0</difficult>
		<bndbox>
			<xmin>2623</xmin>
			<ymin>661</ymin>
			<xmax>2679</xmax>
			<ymax>687</ymax>
		</bndbox>
	</object>
	<object>
		<name>fusarium</name>
		<pose>Unspecified</pose>
		<truncated>0</truncated>
		<difficult>0</difficult>
		<bndbox>
			<xmin>1791</xmin>
			<ymin>359</ymin>
			<xmax>1928</xmax>
			<ymax>449</ymax>
		</bndbox>
	</object>
	<object>
		<name>fusarium</name>
		<pose>Unspecified</pose>
		<truncated>1</truncated>
		<difficult>0</difficult>
		<bndbox>
			<xmin>1</xmin>
			<ymin>845</ymin>
			<xmax>39</xmax>
			<ymax>889</ymax>
		</bndbox>
	</object>
	<object>
		<name>fusarium</name>
		<pose>Unspecified</pose>
		<truncated>0</truncated>
		<difficult>0</difficult>
		<bndbox>
			<xmin>1253</xmin>
			<ymin>985</ymin>
			<xmax>1343</xmax>
			<ymax>1053</ymax>
		</bndbox>
	</object>
	<object>
		<name>fusarium</name>
		<pose>Unspecified</pose>
		<truncated>0</truncated>
		<difficult>0</difficult>
		<bndbox>
			<xmin>216</xmin>
			<ymin>457</ymin>
			<xmax>313</xmax>
			<ymax>510</ymax>
		</bndbox>
	</object>
	<object>
		<name>fusarium</name>
		<pose>Unspecified</pose>
		<truncated>0</truncated>
		<difficult>0</difficult>
		<bndbox>
			<xmin>2585</xmin>
			<ymin>2160</ymin>
			<xmax>2627</xmax>
			<ymax>2188</ymax>
		</bndbox>
	</object>
	<object>
		<name>fusarium</name>
		<pose>Unspecified</pose>
		<truncated>0</truncated>
		<difficult>0</difficult>
		<bndbox>
			<xmin>2621</xmin>
			<ymin>2075</ymin>
			<xmax>2657</xmax>
			<ymax>2163</ymax>
		</bndbox>
	</object>
</annotation>
