<annotation>
	<folder>JPEGImages</folder>
	<filename>215.jpg</filename>
	<path>H:\paper-2\spore\JPEGImages\215.jpg</path>
	<source>
		<database>Unknown</database>
	</source>
	<size>
		<width>2748</width>
		<height>2200</height>
		<depth>3</depth>
	</size>
	<segmented>0</segmented>
	<object>
		<name>fusarium</name>
		<pose>Unspecified</pose>
		<truncated>0</truncated>
		<difficult>0</difficult>
		<bndbox>
			<xmin>1232</xmin>
			<ymin>2062</ymin>
			<xmax>1327</xmax>
			<ymax>2108</ymax>
		</bndbox>
	</object>
	<object>
		<name>fusarium</name>
		<pose>Unspecified</pose>
		<truncated>0</truncated>
		<difficult>0</difficult>
		<bndbox>
			<xmin>1949</xmin>
			<ymin>1869</ymin>
			<xmax>1977</xmax>
			<ymax>1913</ymax>
		</bndbox>
	</object>
	<object>
		<name>fusarium</name>
		<pose>Unspecified</pose>
		<truncated>0</truncated>
		<difficult>0</difficult>
		<bndbox>
			<xmin>1034</xmin>
			<ymin>1778</ymin>
			<xmax>1140</xmax>
			<ymax>1829</ymax>
		</bndbox>
	</object>
	<object>
		<name>fusarium</name>
		<pose>Unspecified</pose>
		<truncated>0</truncated>
		<difficult>0</difficult>
		<bndbox>
			<xmin>1982</xmin>
			<ymin>1596</ymin>
			<xmax>2039</xmax>
			<ymax>1673</ymax>
		</bndbox>
	</object>
	<object>
		<name>fusarium</name>
		<pose>Unspecified</pose>
		<truncated>0</truncated>
		<difficult>0</difficult>
		<bndbox>
			<xmin>772</xmin>
			<ymin>1704</ymin>
			<xmax>840</xmax>
			<ymax>1824</ymax>
		</bndbox>
	</object>
	<object>
		<name>fusarium</name>
		<pose>Unspecified</pose>
		<truncated>0</truncated>
		<difficult>0</difficult>
		<bndbox>
			<xmin>839</xmin>
			<ymin>1722</ymin>
			<xmax>987</xmax>
			<ymax>1774</ymax>
		</bndbox>
	</object>
	<object>
		<name>fusarium</name>
		<pose>Unspecified</pose>
		<truncated>0</truncated>
		<difficult>0</difficult>
		<bndbox>
			<xmin>713</xmin>
			<ymin>1618</ymin>
			<xmax>801</xmax>
			<ymax>1661</ymax>
		</bndbox>
	</object>
	<object>
		<name>fusarium</name>
		<pose>Unspecified</pose>
		<truncated>0</truncated>
		<difficult>0</difficult>
		<bndbox>
			<xmin>1273</xmin>
			<ymin>1596</ymin>
			<xmax>1321</xmax>
			<ymax>1628</ymax>
		</bndbox>
	</object>
	<object>
		<name>fusarium</name>
		<pose>Unspecified</pose>
		<truncated>0</truncated>
		<difficult>0</difficult>
		<bndbox>
			<xmin>550</xmin>
			<ymin>1604</ymin>
			<xmax>578</xmax>
			<ymax>1637</ymax>
		</bndbox>
	</object>
	<object>
		<name>fusarium</name>
		<pose>Unspecified</pose>
		<truncated>0</truncated>
		<difficult>0</difficult>
		<bndbox>
			<xmin>376</xmin>
			<ymin>1647</ymin>
			<xmax>412</xmax>
			<ymax>1712</ymax>
		</bndbox>
	</object>
	<object>
		<name>fusarium</name>
		<pose>Unspecified</pose>
		<truncated>0</truncated>
		<difficult>0</difficult>
		<bndbox>
			<xmin>269</xmin>
			<ymin>1256</ymin>
			<xmax>387</xmax>
			<ymax>1323</ymax>
		</bndbox>
	</object>
	<object>
		<name>fusarium</name>
		<pose>Unspecified</pose>
		<truncated>0</truncated>
		<difficult>0</difficult>
		<bndbox>
			<xmin>438</xmin>
			<ymin>1081</ymin>
			<xmax>482</xmax>
			<ymax>1129</ymax>
		</bndbox>
	</object>
	<object>
		<name>fusarium</name>
		<pose>Unspecified</pose>
		<truncated>0</truncated>
		<difficult>0</difficult>
		<bndbox>
			<xmin>572</xmin>
			<ymin>885</ymin>
			<xmax>673</xmax>
			<ymax>938</ymax>
		</bndbox>
	</object>
	<object>
		<name>fusarium</name>
		<pose>Unspecified</pose>
		<truncated>0</truncated>
		<difficult>0</difficult>
		<bndbox>
			<xmin>898</xmin>
			<ymin>1047</ymin>
			<xmax>933</xmax>
			<ymax>1142</ymax>
		</bndbox>
	</object>
	<object>
		<name>fusarium</name>
		<pose>Unspecified</pose>
		<truncated>0</truncated>
		<difficult>0</difficult>
		<bndbox>
			<xmin>903</xmin>
			<ymin>1045</ymin>
			<xmax>1007</xmax>
			<ymax>1116</ymax>
		</bndbox>
	</object>
	<object>
		<name>fusarium</name>
		<pose>Unspecified</pose>
		<truncated>0</truncated>
		<difficult>0</difficult>
		<bndbox>
			<xmin>952</xmin>
			<ymin>1171</ymin>
			<xmax>1050</xmax>
			<ymax>1202</ymax>
		</bndbox>
	</object>
	<object>
		<name>fusarium</name>
		<pose>Unspecified</pose>
		<truncated>0</truncated>
		<difficult>0</difficult>
		<bndbox>
			<xmin>66</xmin>
			<ymin>1064</ymin>
			<xmax>90</xmax>
			<ymax>1119</ymax>
		</bndbox>
	</object>
	<object>
		<name>fusarium</name>
		<pose>Unspecified</pose>
		<truncated>0</truncated>
		<difficult>0</difficult>
		<bndbox>
			<xmin>1138</xmin>
			<ymin>1017</ymin>
			<xmax>1245</xmax>
			<ymax>1054</ymax>
		</bndbox>
	</object>
	<object>
		<name>fusarium</name>
		<pose>Unspecified</pose>
		<truncated>0</truncated>
		<difficult>0</difficult>
		<bndbox>
			<xmin>1172</xmin>
			<ymin>1213</ymin>
			<xmax>1222</xmax>
			<ymax>1243</ymax>
		</bndbox>
	</object>
	<object>
		<name>fusarium</name>
		<pose>Unspecified</pose>
		<truncated>0</truncated>
		<difficult>0</difficult>
		<bndbox>
			<xmin>1328</xmin>
			<ymin>994</ymin>
			<xmax>1384</xmax>
			<ymax>1051</ymax>
		</bndbox>
	</object>
	<object>
		<name>fusarium</name>
		<pose>Unspecified</pose>
		<truncated>0</truncated>
		<difficult>0</difficult>
		<bndbox>
			<xmin>1470</xmin>
			<ymin>1045</ymin>
			<xmax>1497</xmax>
			<ymax>1094</ymax>
		</bndbox>
	</object>
	<object>
		<name>fusarium</name>
		<pose>Unspecified</pose>
		<truncated>0</truncated>
		<difficult>0</difficult>
		<bndbox>
			<xmin>912</xmin>
			<ymin>783</ymin>
			<xmax>1049</xmax>
			<ymax>834</ymax>
		</bndbox>
	</object>
	<object>
		<name>fusarium</name>
		<pose>Unspecified</pose>
		<truncated>0</truncated>
		<difficult>0</difficult>
		<bndbox>
			<xmin>1082</xmin>
			<ymin>754</ymin>
			<xmax>1120</xmax>
			<ymax>803</ymax>
		</bndbox>
	</object>
	<object>
		<name>fusarium</name>
		<pose>Unspecified</pose>
		<truncated>0</truncated>
		<difficult>0</difficult>
		<bndbox>
			<xmin>676</xmin>
			<ymin>827</ymin>
			<xmax>728</xmax>
			<ymax>850</ymax>
		</bndbox>
	</object>
	<object>
		<name>fusarium</name>
		<pose>Unspecified</pose>
		<truncated>0</truncated>
		<difficult>0</difficult>
		<bndbox>
			<xmin>1329</xmin>
			<ymin>651</ymin>
			<xmax>1373</xmax>
			<ymax>682</ymax>
		</bndbox>
	</object>
	<object>
		<name>fusarium</name>
		<pose>Unspecified</pose>
		<truncated>0</truncated>
		<difficult>0</difficult>
		<bndbox>
			<xmin>1241</xmin>
			<ymin>563</ymin>
			<xmax>1268</xmax>
			<ymax>616</ymax>
		</bndbox>
	</object>
	<object>
		<name>fusarium</name>
		<pose>Unspecified</pose>
		<truncated>0</truncated>
		<difficult>0</difficult>
		<bndbox>
			<xmin>1226</xmin>
			<ymin>545</ymin>
			<xmax>1277</xmax>
			<ymax>565</ymax>
		</bndbox>
	</object>
	<object>
		<name>fusarium</name>
		<pose>Unspecified</pose>
		<truncated>0</truncated>
		<difficult>0</difficult>
		<bndbox>
			<xmin>1445</xmin>
			<ymin>561</ymin>
			<xmax>1477</xmax>
			<ymax>587</ymax>
		</bndbox>
	</object>
	<object>
		<name>fusarium</name>
		<pose>Unspecified</pose>
		<truncated>0</truncated>
		<difficult>0</difficult>
		<bndbox>
			<xmin>1500</xmin>
			<ymin>588</ymin>
			<xmax>1550</xmax>
			<ymax>656</ymax>
		</bndbox>
	</object>
	<object>
		<name>fusarium</name>
		<pose>Unspecified</pose>
		<truncated>0</truncated>
		<difficult>0</difficult>
		<bndbox>
			<xmin>591</xmin>
			<ymin>424</ymin>
			<xmax>704</xmax>
			<ymax>476</ymax>
		</bndbox>
	</object>
	<object>
		<name>fusarium</name>
		<pose>Unspecified</pose>
		<truncated>0</truncated>
		<difficult>0</difficult>
		<bndbox>
			<xmin>563</xmin>
			<ymin>628</ymin>
			<xmax>614</xmax>
			<ymax>655</ymax>
		</bndbox>
	</object>
	<object>
		<name>fusarium</name>
		<pose>Unspecified</pose>
		<truncated>0</truncated>
		<difficult>0</difficult>
		<bndbox>
			<xmin>1689</xmin>
			<ymin>1203</ymin>
			<xmax>1713</xmax>
			<ymax>1259</ymax>
		</bndbox>
	</object>
	<object>
		<name>fusarium</name>
		<pose>Unspecified</pose>
		<truncated>0</truncated>
		<difficult>0</difficult>
		<bndbox>
			<xmin>1706</xmin>
			<ymin>1281</ymin>
			<xmax>1772</xmax>
			<ymax>1308</ymax>
		</bndbox>
	</object>
	<object>
		<name>fusarium</name>
		<pose>Unspecified</pose>
		<truncated>0</truncated>
		<difficult>0</difficult>
		<bndbox>
			<xmin>1973</xmin>
			<ymin>1233</ymin>
			<xmax>2103</xmax>
			<ymax>1265</ymax>
		</bndbox>
	</object>
	<object>
		<name>fusarium</name>
		<pose>Unspecified</pose>
		<truncated>0</truncated>
		<difficult>0</difficult>
		<bndbox>
			<xmin>2089</xmin>
			<ymin>1118</ymin>
			<xmax>2185</xmax>
			<ymax>1187</ymax>
		</bndbox>
	</object>
	<object>
		<name>fusarium</name>
		<pose>Unspecified</pose>
		<truncated>0</truncated>
		<difficult>0</difficult>
		<bndbox>
			<xmin>2355</xmin>
			<ymin>1159</ymin>
			<xmax>2457</xmax>
			<ymax>1203</ymax>
		</bndbox>
	</object>
	<object>
		<name>fusarium</name>
		<pose>Unspecified</pose>
		<truncated>0</truncated>
		<difficult>0</difficult>
		<bndbox>
			<xmin>2359</xmin>
			<ymin>1707</ymin>
			<xmax>2415</xmax>
			<ymax>1733</ymax>
		</bndbox>
	</object>
	<object>
		<name>fusarium</name>
		<pose>Unspecified</pose>
		<truncated>0</truncated>
		<difficult>0</difficult>
		<bndbox>
			<xmin>2375</xmin>
			<ymin>774</ymin>
			<xmax>2427</xmax>
			<ymax>803</ymax>
		</bndbox>
	</object>
	<object>
		<name>fusarium</name>
		<pose>Unspecified</pose>
		<truncated>0</truncated>
		<difficult>0</difficult>
		<bndbox>
			<xmin>1985</xmin>
			<ymin>645</ymin>
			<xmax>2046</xmax>
			<ymax>722</ymax>
		</bndbox>
	</object>
	<object>
		<name>fusarium</name>
		<pose>Unspecified</pose>
		<truncated>0</truncated>
		<difficult>0</difficult>
		<bndbox>
			<xmin>2229</xmin>
			<ymin>439</ymin>
			<xmax>2357</xmax>
			<ymax>531</ymax>
		</bndbox>
	</object>
	<object>
		<name>fusarium</name>
		<pose>Unspecified</pose>
		<truncated>0</truncated>
		<difficult>0</difficult>
		<bndbox>
			<xmin>2359</xmin>
			<ymin>432</ymin>
			<xmax>2394</xmax>
			<ymax>535</ymax>
		</bndbox>
	</object>
	<object>
		<name>fusarium</name>
		<pose>Unspecified</pose>
		<truncated>0</truncated>
		<difficult>0</difficult>
		<bndbox>
			<xmin>2305</xmin>
			<ymin>539</ymin>
			<xmax>2332</xmax>
			<ymax>577</ymax>
		</bndbox>
	</object>
	<object>
		<name>fusarium</name>
		<pose>Unspecified</pose>
		<truncated>0</truncated>
		<difficult>0</difficult>
		<bndbox>
			<xmin>1696</xmin>
			<ymin>371</ymin>
			<xmax>1765</xmax>
			<ymax>433</ymax>
		</bndbox>
	</object>
	<object>
		<name>fusarium</name>
		<pose>Unspecified</pose>
		<truncated>0</truncated>
		<difficult>0</difficult>
		<bndbox>
			<xmin>2003</xmin>
			<ymin>258</ymin>
			<xmax>2079</xmax>
			<ymax>327</ymax>
		</bndbox>
	</object>
	<object>
		<name>fusarium</name>
		<pose>Unspecified</pose>
		<truncated>0</truncated>
		<difficult>0</difficult>
		<bndbox>
			<xmin>2069</xmin>
			<ymin>278</ymin>
			<xmax>2200</xmax>
			<ymax>322</ymax>
		</bndbox>
	</object>
	<object>
		<name>fusarium</name>
		<pose>Unspecified</pose>
		<truncated>0</truncated>
		<difficult>0</difficult>
		<bndbox>
			<xmin>2240</xmin>
			<ymin>257</ymin>
			<xmax>2284</xmax>
			<ymax>362</ymax>
		</bndbox>
	</object>
	<object>
		<name>fusarium</name>
		<pose>Unspecified</pose>
		<truncated>0</truncated>
		<difficult>0</difficult>
		<bndbox>
			<xmin>2503</xmin>
			<ymin>341</ymin>
			<xmax>2555</xmax>
			<ymax>372</ymax>
		</bndbox>
	</object>
	<object>
		<name>fusarium</name>
		<pose>Unspecified</pose>
		<truncated>0</truncated>
		<difficult>0</difficult>
		<bndbox>
			<xmin>2603</xmin>
			<ymin>423</ymin>
			<xmax>2657</xmax>
			<ymax>449</ymax>
		</bndbox>
	</object>
	<object>
		<name>fusarium</name>
		<pose>Unspecified</pose>
		<truncated>0</truncated>
		<difficult>0</difficult>
		<bndbox>
			<xmin>2372</xmin>
			<ymin>317</ymin>
			<xmax>2424</xmax>
			<ymax>341</ymax>
		</bndbox>
	</object>
	<object>
		<name>fusarium</name>
		<pose>Unspecified</pose>
		<truncated>0</truncated>
		<difficult>0</difficult>
		<bndbox>
			<xmin>2063</xmin>
			<ymin>145</ymin>
			<xmax>2171</xmax>
			<ymax>225</ymax>
		</bndbox>
	</object>
	<object>
		<name>fusarium</name>
		<pose>Unspecified</pose>
		<truncated>0</truncated>
		<difficult>0</difficult>
		<bndbox>
			<xmin>1898</xmin>
			<ymin>131</ymin>
			<xmax>1954</xmax>
			<ymax>203</ymax>
		</bndbox>
	</object>
	<object>
		<name>fusarium</name>
		<pose>Unspecified</pose>
		<truncated>0</truncated>
		<difficult>0</difficult>
		<bndbox>
			<xmin>1739</xmin>
			<ymin>218</ymin>
			<xmax>1797</xmax>
			<ymax>336</ymax>
		</bndbox>
	</object>
	<object>
		<name>fusarium</name>
		<pose>Unspecified</pose>
		<truncated>0</truncated>
		<difficult>0</difficult>
		<bndbox>
			<xmin>1771</xmin>
			<ymin>179</ymin>
			<xmax>1799</xmax>
			<ymax>220</ymax>
		</bndbox>
	</object>
	<object>
		<name>fusarium</name>
		<pose>Unspecified</pose>
		<truncated>0</truncated>
		<difficult>0</difficult>
		<bndbox>
			<xmin>1311</xmin>
			<ymin>237</ymin>
			<xmax>1391</xmax>
			<ymax>291</ymax>
		</bndbox>
	</object>
	<object>
		<name>fusarium</name>
		<pose>Unspecified</pose>
		<truncated>0</truncated>
		<difficult>0</difficult>
		<bndbox>
			<xmin>1125</xmin>
			<ymin>351</ymin>
			<xmax>1167</xmax>
			<ymax>375</ymax>
		</bndbox>
	</object>
	<object>
		<name>fusarium</name>
		<pose>Unspecified</pose>
		<truncated>0</truncated>
		<difficult>0</difficult>
		<bndbox>
			<xmin>937</xmin>
			<ymin>249</ymin>
			<xmax>966</xmax>
			<ymax>293</ymax>
		</bndbox>
	</object>
	<object>
		<name>fusarium</name>
		<pose>Unspecified</pose>
		<truncated>0</truncated>
		<difficult>0</difficult>
		<bndbox>
			<xmin>1406</xmin>
			<ymin>89</ymin>
			<xmax>1442</xmax>
			<ymax>131</ymax>
		</bndbox>
	</object>
	<object>
		<name>fusarium</name>
		<pose>Unspecified</pose>
		<truncated>1</truncated>
		<difficult>0</difficult>
		<bndbox>
			<xmin>1448</xmin>
			<ymin>1</ymin>
			<xmax>1497</xmax>
			<ymax>100</ymax>
		</bndbox>
	</object>
	<object>
		<name>fusarium</name>
		<pose>Unspecified</pose>
		<truncated>1</truncated>
		<difficult>0</difficult>
		<bndbox>
			<xmin>1628</xmin>
			<ymin>1</ymin>
			<xmax>1666</xmax>
			<ymax>47</ymax>
		</bndbox>
	</object>
	<object>
		<name>fusarium</name>
		<pose>Unspecified</pose>
		<truncated>1</truncated>
		<difficult>0</difficult>
		<bndbox>
			<xmin>1671</xmin>
			<ymin>1</ymin>
			<xmax>1760</xmax>
			<ymax>65</ymax>
		</bndbox>
	</object>
	<object>
		<name>fusarium</name>
		<pose>Unspecified</pose>
		<truncated>0</truncated>
		<difficult>0</difficult>
		<bndbox>
			<xmin>1778</xmin>
			<ymin>8</ymin>
			<xmax>1844</xmax>
			<ymax>61</ymax>
		</bndbox>
	</object>
	<object>
		<name>fusarium</name>
		<pose>Unspecified</pose>
		<truncated>1</truncated>
		<difficult>0</difficult>
		<bndbox>
			<xmin>1767</xmin>
			<ymin>1</ymin>
			<xmax>1790</xmax>
			<ymax>13</ymax>
		</bndbox>
	</object>
	<object>
		<name>fusarium</name>
		<pose>Unspecified</pose>
		<truncated>1</truncated>
		<difficult>0</difficult>
		<bndbox>
			<xmin>1876</xmin>
			<ymin>1</ymin>
			<xmax>1985</xmax>
			<ymax>77</ymax>
		</bndbox>
	</object>
	<object>
		<name>fusarium</name>
		<pose>Unspecified</pose>
		<truncated>1</truncated>
		<difficult>0</difficult>
		<bndbox>
			<xmin>1</xmin>
			<ymin>156</ymin>
			<xmax>66</xmax>
			<ymax>185</ymax>
		</bndbox>
	</object>
	<object>
		<name>fusarium</name>
		<pose>Unspecified</pose>
		<truncated>0</truncated>
		<difficult>0</difficult>
		<bndbox>
			<xmin>392</xmin>
			<ymin>292</ymin>
			<xmax>425</xmax>
			<ymax>340</ymax>
		</bndbox>
	</object>
	<object>
		<name>fusarium</name>
		<pose>Unspecified</pose>
		<truncated>0</truncated>
		<difficult>0</difficult>
		<bndbox>
			<xmin>424</xmin>
			<ymin>152</ymin>
			<xmax>534</xmax>
			<ymax>185</ymax>
		</bndbox>
	</object>
	<object>
		<name>fusarium</name>
		<pose>Unspecified</pose>
		<truncated>0</truncated>
		<difficult>0</difficult>
		<bndbox>
			<xmin>1522</xmin>
			<ymin>71</ymin>
			<xmax>1595</xmax>
			<ymax>188</ymax>
		</bndbox>
	</object>
</annotation>
