<annotation>
	<folder>JPEGImages</folder>
	<filename>256.jpg</filename>
	<path>H:\paper-2\spore\JPEGImages\256.jpg</path>
	<source>
		<database>Unknown</database>
	</source>
	<size>
		<width>2748</width>
		<height>2200</height>
		<depth>3</depth>
	</size>
	<segmented>0</segmented>
	<object>
		<name>fusarium</name>
		<pose>Unspecified</pose>
		<truncated>0</truncated>
		<difficult>0</difficult>
		<bndbox>
			<xmin>912</xmin>
			<ymin>1938</ymin>
			<xmax>1012</xmax>
			<ymax>2002</ymax>
		</bndbox>
	</object>
	<object>
		<name>fusarium</name>
		<pose>Unspecified</pose>
		<truncated>0</truncated>
		<difficult>0</difficult>
		<bndbox>
			<xmin>1039</xmin>
			<ymin>1646</ymin>
			<xmax>1082</xmax>
			<ymax>1803</ymax>
		</bndbox>
	</object>
	<object>
		<name>fusarium</name>
		<pose>Unspecified</pose>
		<truncated>0</truncated>
		<difficult>0</difficult>
		<bndbox>
			<xmin>1251</xmin>
			<ymin>1571</ymin>
			<xmax>1281</xmax>
			<ymax>1664</ymax>
		</bndbox>
	</object>
	<object>
		<name>fusarium</name>
		<pose>Unspecified</pose>
		<truncated>0</truncated>
		<difficult>0</difficult>
		<bndbox>
			<xmin>1788</xmin>
			<ymin>1589</ymin>
			<xmax>1826</xmax>
			<ymax>1674</ymax>
		</bndbox>
	</object>
	<object>
		<name>fusarium</name>
		<pose>Unspecified</pose>
		<truncated>0</truncated>
		<difficult>0</difficult>
		<bndbox>
			<xmin>1792</xmin>
			<ymin>1890</ymin>
			<xmax>1824</xmax>
			<ymax>1951</ymax>
		</bndbox>
	</object>
	<object>
		<name>fusarium</name>
		<pose>Unspecified</pose>
		<truncated>0</truncated>
		<difficult>0</difficult>
		<bndbox>
			<xmin>1992</xmin>
			<ymin>1640</ymin>
			<xmax>2041</xmax>
			<ymax>1816</ymax>
		</bndbox>
	</object>
	<object>
		<name>fusarium</name>
		<pose>Unspecified</pose>
		<truncated>0</truncated>
		<difficult>0</difficult>
		<bndbox>
			<xmin>1261</xmin>
			<ymin>1476</ymin>
			<xmax>1406</xmax>
			<ymax>1513</ymax>
		</bndbox>
	</object>
	<object>
		<name>fusarium</name>
		<pose>Unspecified</pose>
		<truncated>0</truncated>
		<difficult>0</difficult>
		<bndbox>
			<xmin>47</xmin>
			<ymin>1663</ymin>
			<xmax>83</xmax>
			<ymax>1701</ymax>
		</bndbox>
	</object>
	<object>
		<name>fusarium</name>
		<pose>Unspecified</pose>
		<truncated>0</truncated>
		<difficult>0</difficult>
		<bndbox>
			<xmin>164</xmin>
			<ymin>1761</ymin>
			<xmax>227</xmax>
			<ymax>1836</ymax>
		</bndbox>
	</object>
	<object>
		<name>fusarium</name>
		<pose>Unspecified</pose>
		<truncated>0</truncated>
		<difficult>0</difficult>
		<bndbox>
			<xmin>207</xmin>
			<ymin>1786</ymin>
			<xmax>235</xmax>
			<ymax>1825</ymax>
		</bndbox>
	</object>
	<object>
		<name>fusarium</name>
		<pose>Unspecified</pose>
		<truncated>0</truncated>
		<difficult>0</difficult>
		<bndbox>
			<xmin>406</xmin>
			<ymin>1547</ymin>
			<xmax>454</xmax>
			<ymax>1658</ymax>
		</bndbox>
	</object>
	<object>
		<name>fusarium</name>
		<pose>Unspecified</pose>
		<truncated>1</truncated>
		<difficult>0</difficult>
		<bndbox>
			<xmin>1</xmin>
			<ymin>1404</ymin>
			<xmax>22</xmax>
			<ymax>1503</ymax>
		</bndbox>
	</object>
	<object>
		<name>fusarium</name>
		<pose>Unspecified</pose>
		<truncated>0</truncated>
		<difficult>0</difficult>
		<bndbox>
			<xmin>757</xmin>
			<ymin>1265</ymin>
			<xmax>817</xmax>
			<ymax>1459</ymax>
		</bndbox>
	</object>
	<object>
		<name>fusarium</name>
		<pose>Unspecified</pose>
		<truncated>0</truncated>
		<difficult>0</difficult>
		<bndbox>
			<xmin>832</xmin>
			<ymin>1353</ymin>
			<xmax>895</xmax>
			<ymax>1396</ymax>
		</bndbox>
	</object>
	<object>
		<name>fusarium</name>
		<pose>Unspecified</pose>
		<truncated>0</truncated>
		<difficult>0</difficult>
		<bndbox>
			<xmin>665</xmin>
			<ymin>1160</ymin>
			<xmax>709</xmax>
			<ymax>1270</ymax>
		</bndbox>
	</object>
	<object>
		<name>fusarium</name>
		<pose>Unspecified</pose>
		<truncated>0</truncated>
		<difficult>0</difficult>
		<bndbox>
			<xmin>494</xmin>
			<ymin>955</ymin>
			<xmax>537</xmax>
			<ymax>1043</ymax>
		</bndbox>
	</object>
	<object>
		<name>fusarium</name>
		<pose>Unspecified</pose>
		<truncated>0</truncated>
		<difficult>0</difficult>
		<bndbox>
			<xmin>289</xmin>
			<ymin>765</ymin>
			<xmax>342</xmax>
			<ymax>829</ymax>
		</bndbox>
	</object>
	<object>
		<name>fusarium</name>
		<pose>Unspecified</pose>
		<truncated>0</truncated>
		<difficult>0</difficult>
		<bndbox>
			<xmin>317</xmin>
			<ymin>804</ymin>
			<xmax>382</xmax>
			<ymax>834</ymax>
		</bndbox>
	</object>
	<object>
		<name>fusarium</name>
		<pose>Unspecified</pose>
		<truncated>0</truncated>
		<difficult>0</difficult>
		<bndbox>
			<xmin>1000</xmin>
			<ymin>1043</ymin>
			<xmax>1097</xmax>
			<ymax>1084</ymax>
		</bndbox>
	</object>
	<object>
		<name>fusarium</name>
		<pose>Unspecified</pose>
		<truncated>0</truncated>
		<difficult>0</difficult>
		<bndbox>
			<xmin>1093</xmin>
			<ymin>1115</ymin>
			<xmax>1140</xmax>
			<ymax>1136</ymax>
		</bndbox>
	</object>
	<object>
		<name>fusarium</name>
		<pose>Unspecified</pose>
		<truncated>0</truncated>
		<difficult>0</difficult>
		<bndbox>
			<xmin>762</xmin>
			<ymin>368</ymin>
			<xmax>814</xmax>
			<ymax>479</ymax>
		</bndbox>
	</object>
	<object>
		<name>fusarium</name>
		<pose>Unspecified</pose>
		<truncated>0</truncated>
		<difficult>0</difficult>
		<bndbox>
			<xmin>316</xmin>
			<ymin>153</ymin>
			<xmax>353</xmax>
			<ymax>269</ymax>
		</bndbox>
	</object>
	<object>
		<name>fusarium</name>
		<pose>Unspecified</pose>
		<truncated>0</truncated>
		<difficult>0</difficult>
		<bndbox>
			<xmin>540</xmin>
			<ymin>37</ymin>
			<xmax>611</xmax>
			<ymax>72</ymax>
		</bndbox>
	</object>
	<object>
		<name>fusarium</name>
		<pose>Unspecified</pose>
		<truncated>0</truncated>
		<difficult>0</difficult>
		<bndbox>
			<xmin>662</xmin>
			<ymin>98</ymin>
			<xmax>702</xmax>
			<ymax>174</ymax>
		</bndbox>
	</object>
	<object>
		<name>fusarium</name>
		<pose>Unspecified</pose>
		<truncated>0</truncated>
		<difficult>0</difficult>
		<bndbox>
			<xmin>805</xmin>
			<ymin>128</ymin>
			<xmax>839</xmax>
			<ymax>195</ymax>
		</bndbox>
	</object>
	<object>
		<name>fusarium</name>
		<pose>Unspecified</pose>
		<truncated>0</truncated>
		<difficult>0</difficult>
		<bndbox>
			<xmin>948</xmin>
			<ymin>350</ymin>
			<xmax>1000</xmax>
			<ymax>432</ymax>
		</bndbox>
	</object>
	<object>
		<name>fusarium</name>
		<pose>Unspecified</pose>
		<truncated>0</truncated>
		<difficult>0</difficult>
		<bndbox>
			<xmin>1157</xmin>
			<ymin>389</ymin>
			<xmax>1213</xmax>
			<ymax>571</ymax>
		</bndbox>
	</object>
	<object>
		<name>fusarium</name>
		<pose>Unspecified</pose>
		<truncated>0</truncated>
		<difficult>0</difficult>
		<bndbox>
			<xmin>1518</xmin>
			<ymin>179</ymin>
			<xmax>1563</xmax>
			<ymax>360</ymax>
		</bndbox>
	</object>
	<object>
		<name>fusarium</name>
		<pose>Unspecified</pose>
		<truncated>1</truncated>
		<difficult>0</difficult>
		<bndbox>
			<xmin>1642</xmin>
			<ymin>1</ymin>
			<xmax>1675</xmax>
			<ymax>50</ymax>
		</bndbox>
	</object>
	<object>
		<name>fusarium</name>
		<pose>Unspecified</pose>
		<truncated>0</truncated>
		<difficult>0</difficult>
		<bndbox>
			<xmin>1867</xmin>
			<ymin>738</ymin>
			<xmax>1893</xmax>
			<ymax>790</ymax>
		</bndbox>
	</object>
	<object>
		<name>fusarium</name>
		<pose>Unspecified</pose>
		<truncated>0</truncated>
		<difficult>0</difficult>
		<bndbox>
			<xmin>1972</xmin>
			<ymin>636</ymin>
			<xmax>2009</xmax>
			<ymax>750</ymax>
		</bndbox>
	</object>
	<object>
		<name>fusarium</name>
		<pose>Unspecified</pose>
		<truncated>0</truncated>
		<difficult>0</difficult>
		<bndbox>
			<xmin>2078</xmin>
			<ymin>571</ymin>
			<xmax>2110</xmax>
			<ymax>624</ymax>
		</bndbox>
	</object>
	<object>
		<name>fusarium</name>
		<pose>Unspecified</pose>
		<truncated>0</truncated>
		<difficult>0</difficult>
		<bndbox>
			<xmin>2028</xmin>
			<ymin>365</ymin>
			<xmax>2068</xmax>
			<ymax>483</ymax>
		</bndbox>
	</object>
	<object>
		<name>fusarium</name>
		<pose>Unspecified</pose>
		<truncated>0</truncated>
		<difficult>0</difficult>
		<bndbox>
			<xmin>2156</xmin>
			<ymin>43</ymin>
			<xmax>2266</xmax>
			<ymax>142</ymax>
		</bndbox>
	</object>
	<object>
		<name>fusarium</name>
		<pose>Unspecified</pose>
		<truncated>0</truncated>
		<difficult>0</difficult>
		<bndbox>
			<xmin>2230</xmin>
			<ymin>46</ymin>
			<xmax>2274</xmax>
			<ymax>113</ymax>
		</bndbox>
	</object>
	<object>
		<name>fusarium</name>
		<pose>Unspecified</pose>
		<truncated>1</truncated>
		<difficult>0</difficult>
		<bndbox>
			<xmin>2569</xmin>
			<ymin>1</ymin>
			<xmax>2649</xmax>
			<ymax>48</ymax>
		</bndbox>
	</object>
	<object>
		<name>fusarium</name>
		<pose>Unspecified</pose>
		<truncated>0</truncated>
		<difficult>0</difficult>
		<bndbox>
			<xmin>2388</xmin>
			<ymin>418</ymin>
			<xmax>2426</xmax>
			<ymax>465</ymax>
		</bndbox>
	</object>
	<object>
		<name>fusarium</name>
		<pose>Unspecified</pose>
		<truncated>0</truncated>
		<difficult>0</difficult>
		<bndbox>
			<xmin>2482</xmin>
			<ymin>553</ymin>
			<xmax>2543</xmax>
			<ymax>603</ymax>
		</bndbox>
	</object>
	<object>
		<name>fusarium</name>
		<pose>Unspecified</pose>
		<truncated>0</truncated>
		<difficult>0</difficult>
		<bndbox>
			<xmin>2287</xmin>
			<ymin>1133</ymin>
			<xmax>2315</xmax>
			<ymax>1169</ymax>
		</bndbox>
	</object>
	<object>
		<name>fusarium</name>
		<pose>Unspecified</pose>
		<truncated>0</truncated>
		<difficult>0</difficult>
		<bndbox>
			<xmin>2388</xmin>
			<ymin>1413</ymin>
			<xmax>2439</xmax>
			<ymax>1436</ymax>
		</bndbox>
	</object>
	<object>
		<name>fusarium</name>
		<pose>Unspecified</pose>
		<truncated>1</truncated>
		<difficult>0</difficult>
		<bndbox>
			<xmin>1881</xmin>
			<ymin>2173</ymin>
			<xmax>1909</xmax>
			<ymax>2200</ymax>
		</bndbox>
	</object>
</annotation>
