<annotation>
	<folder>JPEGImages</folder>
	<filename>27.jpg</filename>
	<path>H:\paper-2\spore\JPEGImages\27.jpg</path>
	<source>
		<database>Unknown</database>
	</source>
	<size>
		<width>2748</width>
		<height>2200</height>
		<depth>3</depth>
	</size>
	<segmented>0</segmented>
	<object>
		<name>powderymildew</name>
		<pose>Unspecified</pose>
		<truncated>1</truncated>
		<difficult>0</difficult>
		<bndbox>
			<xmin>514</xmin>
			<ymin>2118</ymin>
			<xmax>616</xmax>
			<ymax>2200</ymax>
		</bndbox>
	</object>
	<object>
		<name>powderymildew</name>
		<pose>Unspecified</pose>
		<truncated>1</truncated>
		<difficult>0</difficult>
		<bndbox>
			<xmin>604</xmin>
			<ymin>2106</ymin>
			<xmax>738</xmax>
			<ymax>2200</ymax>
		</bndbox>
	</object>
	<object>
		<name>powderymildew</name>
		<pose>Unspecified</pose>
		<truncated>1</truncated>
		<difficult>0</difficult>
		<bndbox>
			<xmin>852</xmin>
			<ymin>2171</ymin>
			<xmax>948</xmax>
			<ymax>2200</ymax>
		</bndbox>
	</object>
	<object>
		<name>powderymildew</name>
		<pose>Unspecified</pose>
		<truncated>0</truncated>
		<difficult>0</difficult>
		<bndbox>
			<xmin>476</xmin>
			<ymin>1984</ymin>
			<xmax>607</xmax>
			<ymax>2084</ymax>
		</bndbox>
	</object>
	<object>
		<name>powderymildew</name>
		<pose>Unspecified</pose>
		<truncated>0</truncated>
		<difficult>0</difficult>
		<bndbox>
			<xmin>331</xmin>
			<ymin>1936</ymin>
			<xmax>449</xmax>
			<ymax>2087</ymax>
		</bndbox>
	</object>
	<object>
		<name>powderymildew</name>
		<pose>Unspecified</pose>
		<truncated>0</truncated>
		<difficult>0</difficult>
		<bndbox>
			<xmin>256</xmin>
			<ymin>1888</ymin>
			<xmax>347</xmax>
			<ymax>2022</ymax>
		</bndbox>
	</object>
	<object>
		<name>powderymildew</name>
		<pose>Unspecified</pose>
		<truncated>0</truncated>
		<difficult>0</difficult>
		<bndbox>
			<xmin>220</xmin>
			<ymin>1783</ymin>
			<xmax>308</xmax>
			<ymax>1898</ymax>
		</bndbox>
	</object>
	<object>
		<name>powderymildew</name>
		<pose>Unspecified</pose>
		<truncated>0</truncated>
		<difficult>0</difficult>
		<bndbox>
			<xmin>258</xmin>
			<ymin>1718</ymin>
			<xmax>396</xmax>
			<ymax>1824</ymax>
		</bndbox>
	</object>
	<object>
		<name>powderymildew</name>
		<pose>Unspecified</pose>
		<truncated>0</truncated>
		<difficult>0</difficult>
		<bndbox>
			<xmin>380</xmin>
			<ymin>1761</ymin>
			<xmax>474</xmax>
			<ymax>1894</ymax>
		</bndbox>
	</object>
	<object>
		<name>powderymildew</name>
		<pose>Unspecified</pose>
		<truncated>0</truncated>
		<difficult>0</difficult>
		<bndbox>
			<xmin>427</xmin>
			<ymin>1857</ymin>
			<xmax>519</xmax>
			<ymax>1944</ymax>
		</bndbox>
	</object>
	<object>
		<name>powderymildew</name>
		<pose>Unspecified</pose>
		<truncated>0</truncated>
		<difficult>0</difficult>
		<bndbox>
			<xmin>461</xmin>
			<ymin>1727</ymin>
			<xmax>587</xmax>
			<ymax>1866</ymax>
		</bndbox>
	</object>
	<object>
		<name>powderymildew</name>
		<pose>Unspecified</pose>
		<truncated>0</truncated>
		<difficult>0</difficult>
		<bndbox>
			<xmin>563</xmin>
			<ymin>1610</ymin>
			<xmax>670</xmax>
			<ymax>1733</ymax>
		</bndbox>
	</object>
	<object>
		<name>powderymildew</name>
		<pose>Unspecified</pose>
		<truncated>0</truncated>
		<difficult>0</difficult>
		<bndbox>
			<xmin>7</xmin>
			<ymin>886</ymin>
			<xmax>110</xmax>
			<ymax>1040</ymax>
		</bndbox>
	</object>
	<object>
		<name>powderymildew</name>
		<pose>Unspecified</pose>
		<truncated>0</truncated>
		<difficult>0</difficult>
		<bndbox>
			<xmin>129</xmin>
			<ymin>721</ymin>
			<xmax>227</xmax>
			<ymax>859</ymax>
		</bndbox>
	</object>
	<object>
		<name>powderymildew</name>
		<pose>Unspecified</pose>
		<truncated>0</truncated>
		<difficult>0</difficult>
		<bndbox>
			<xmin>218</xmin>
			<ymin>764</ymin>
			<xmax>337</xmax>
			<ymax>899</ymax>
		</bndbox>
	</object>
	<object>
		<name>powderymildew</name>
		<pose>Unspecified</pose>
		<truncated>0</truncated>
		<difficult>0</difficult>
		<bndbox>
			<xmin>718</xmin>
			<ymin>883</ymin>
			<xmax>858</xmax>
			<ymax>993</ymax>
		</bndbox>
	</object>
	<object>
		<name>powderymildew</name>
		<pose>Unspecified</pose>
		<truncated>0</truncated>
		<difficult>0</difficult>
		<bndbox>
			<xmin>807</xmin>
			<ymin>811</ymin>
			<xmax>927</xmax>
			<ymax>904</ymax>
		</bndbox>
	</object>
	<object>
		<name>powderymildew</name>
		<pose>Unspecified</pose>
		<truncated>0</truncated>
		<difficult>0</difficult>
		<bndbox>
			<xmin>827</xmin>
			<ymin>901</ymin>
			<xmax>951</xmax>
			<ymax>999</ymax>
		</bndbox>
	</object>
	<object>
		<name>powderymildew</name>
		<pose>Unspecified</pose>
		<truncated>0</truncated>
		<difficult>0</difficult>
		<bndbox>
			<xmin>922</xmin>
			<ymin>928</ymin>
			<xmax>1010</xmax>
			<ymax>1053</ymax>
		</bndbox>
	</object>
	<object>
		<name>powderymildew</name>
		<pose>Unspecified</pose>
		<truncated>0</truncated>
		<difficult>0</difficult>
		<bndbox>
			<xmin>912</xmin>
			<ymin>839</ymin>
			<xmax>1020</xmax>
			<ymax>937</ymax>
		</bndbox>
	</object>
	<object>
		<name>powderymildew</name>
		<pose>Unspecified</pose>
		<truncated>0</truncated>
		<difficult>0</difficult>
		<bndbox>
			<xmin>1001</xmin>
			<ymin>868</ymin>
			<xmax>1107</xmax>
			<ymax>989</ymax>
		</bndbox>
	</object>
	<object>
		<name>powderymildew</name>
		<pose>Unspecified</pose>
		<truncated>0</truncated>
		<difficult>0</difficult>
		<bndbox>
			<xmin>964</xmin>
			<ymin>982</ymin>
			<xmax>1103</xmax>
			<ymax>1086</ymax>
		</bndbox>
	</object>
	<object>
		<name>powderymildew</name>
		<pose>Unspecified</pose>
		<truncated>0</truncated>
		<difficult>0</difficult>
		<bndbox>
			<xmin>1884</xmin>
			<ymin>1374</ymin>
			<xmax>2026</xmax>
			<ymax>1463</ymax>
		</bndbox>
	</object>
	<object>
		<name>powderymildew</name>
		<pose>Unspecified</pose>
		<truncated>0</truncated>
		<difficult>0</difficult>
		<bndbox>
			<xmin>1734</xmin>
			<ymin>562</ymin>
			<xmax>1871</xmax>
			<ymax>660</ymax>
		</bndbox>
	</object>
	<object>
		<name>powderymildew</name>
		<pose>Unspecified</pose>
		<truncated>0</truncated>
		<difficult>0</difficult>
		<bndbox>
			<xmin>2441</xmin>
			<ymin>959</ymin>
			<xmax>2580</xmax>
			<ymax>1069</ymax>
		</bndbox>
	</object>
	<object>
		<name>powderymildew</name>
		<pose>Unspecified</pose>
		<truncated>0</truncated>
		<difficult>0</difficult>
		<bndbox>
			<xmin>2394</xmin>
			<ymin>1017</ymin>
			<xmax>2501</xmax>
			<ymax>1130</ymax>
		</bndbox>
	</object>
	<object>
		<name>powderymildew</name>
		<pose>Unspecified</pose>
		<truncated>0</truncated>
		<difficult>0</difficult>
		<bndbox>
			<xmin>2409</xmin>
			<ymin>1121</ymin>
			<xmax>2506</xmax>
			<ymax>1221</ymax>
		</bndbox>
	</object>
	<object>
		<name>powderymildew</name>
		<pose>Unspecified</pose>
		<truncated>1</truncated>
		<difficult>0</difficult>
		<bndbox>
			<xmin>2701</xmin>
			<ymin>1628</ymin>
			<xmax>2748</xmax>
			<ymax>1716</ymax>
		</bndbox>
	</object>
</annotation>
