<annotation>
	<folder>JPEGImages</folder>
	<filename>289.jpg</filename>
	<path>H:\paper-2\spore\JPEGImages\289.jpg</path>
	<source>
		<database>Unknown</database>
	</source>
	<size>
		<width>2748</width>
		<height>2200</height>
		<depth>3</depth>
	</size>
	<segmented>0</segmented>
	<object>
		<name>fusarium</name>
		<pose>Unspecified</pose>
		<truncated>0</truncated>
		<difficult>0</difficult>
		<bndbox>
			<xmin>1404</xmin>
			<ymin>1752</ymin>
			<xmax>1465</xmax>
			<ymax>1786</ymax>
		</bndbox>
	</object>
	<object>
		<name>fusarium</name>
		<pose>Unspecified</pose>
		<truncated>0</truncated>
		<difficult>0</difficult>
		<bndbox>
			<xmin>1853</xmin>
			<ymin>1901</ymin>
			<xmax>1937</xmax>
			<ymax>1967</ymax>
		</bndbox>
	</object>
	<object>
		<name>fusarium</name>
		<pose>Unspecified</pose>
		<truncated>1</truncated>
		<difficult>0</difficult>
		<bndbox>
			<xmin>1697</xmin>
			<ymin>2139</ymin>
			<xmax>1765</xmax>
			<ymax>2200</ymax>
		</bndbox>
	</object>
	<object>
		<name>fusarium</name>
		<pose>Unspecified</pose>
		<truncated>0</truncated>
		<difficult>0</difficult>
		<bndbox>
			<xmin>940</xmin>
			<ymin>1972</ymin>
			<xmax>1026</xmax>
			<ymax>2045</ymax>
		</bndbox>
	</object>
	<object>
		<name>fusarium</name>
		<pose>Unspecified</pose>
		<truncated>0</truncated>
		<difficult>0</difficult>
		<bndbox>
			<xmin>733</xmin>
			<ymin>1842</ymin>
			<xmax>801</xmax>
			<ymax>1900</ymax>
		</bndbox>
	</object>
	<object>
		<name>fusarium</name>
		<pose>Unspecified</pose>
		<truncated>0</truncated>
		<difficult>0</difficult>
		<bndbox>
			<xmin>937</xmin>
			<ymin>1717</ymin>
			<xmax>1022</xmax>
			<ymax>1815</ymax>
		</bndbox>
	</object>
	<object>
		<name>fusarium</name>
		<pose>Unspecified</pose>
		<truncated>0</truncated>
		<difficult>0</difficult>
		<bndbox>
			<xmin>1028</xmin>
			<ymin>1754</ymin>
			<xmax>1096</xmax>
			<ymax>1816</ymax>
		</bndbox>
	</object>
	<object>
		<name>fusarium</name>
		<pose>Unspecified</pose>
		<truncated>0</truncated>
		<difficult>0</difficult>
		<bndbox>
			<xmin>80</xmin>
			<ymin>1846</ymin>
			<xmax>106</xmax>
			<ymax>1905</ymax>
		</bndbox>
	</object>
	<object>
		<name>fusarium</name>
		<pose>Unspecified</pose>
		<truncated>0</truncated>
		<difficult>0</difficult>
		<bndbox>
			<xmin>225</xmin>
			<ymin>1807</ymin>
			<xmax>285</xmax>
			<ymax>1829</ymax>
		</bndbox>
	</object>
	<object>
		<name>fusarium</name>
		<pose>Unspecified</pose>
		<truncated>0</truncated>
		<difficult>0</difficult>
		<bndbox>
			<xmin>445</xmin>
			<ymin>1739</ymin>
			<xmax>487</xmax>
			<ymax>1765</ymax>
		</bndbox>
	</object>
	<object>
		<name>fusarium</name>
		<pose>Unspecified</pose>
		<truncated>0</truncated>
		<difficult>0</difficult>
		<bndbox>
			<xmin>482</xmin>
			<ymin>1564</ymin>
			<xmax>513</xmax>
			<ymax>1609</ymax>
		</bndbox>
	</object>
	<object>
		<name>fusarium</name>
		<pose>Unspecified</pose>
		<truncated>0</truncated>
		<difficult>0</difficult>
		<bndbox>
			<xmin>613</xmin>
			<ymin>1532</ymin>
			<xmax>684</xmax>
			<ymax>1571</ymax>
		</bndbox>
	</object>
	<object>
		<name>fusarium</name>
		<pose>Unspecified</pose>
		<truncated>0</truncated>
		<difficult>0</difficult>
		<bndbox>
			<xmin>618</xmin>
			<ymin>1518</ymin>
			<xmax>673</xmax>
			<ymax>1548</ymax>
		</bndbox>
	</object>
	<object>
		<name>fusarium</name>
		<pose>Unspecified</pose>
		<truncated>0</truncated>
		<difficult>0</difficult>
		<bndbox>
			<xmin>670</xmin>
			<ymin>1541</ymin>
			<xmax>726</xmax>
			<ymax>1575</ymax>
		</bndbox>
	</object>
	<object>
		<name>fusarium</name>
		<pose>Unspecified</pose>
		<truncated>0</truncated>
		<difficult>0</difficult>
		<bndbox>
			<xmin>246</xmin>
			<ymin>1209</ymin>
			<xmax>367</xmax>
			<ymax>1301</ymax>
		</bndbox>
	</object>
	<object>
		<name>fusarium</name>
		<pose>Unspecified</pose>
		<truncated>0</truncated>
		<difficult>0</difficult>
		<bndbox>
			<xmin>400</xmin>
			<ymin>1171</ymin>
			<xmax>493</xmax>
			<ymax>1231</ymax>
		</bndbox>
	</object>
	<object>
		<name>fusarium</name>
		<pose>Unspecified</pose>
		<truncated>0</truncated>
		<difficult>0</difficult>
		<bndbox>
			<xmin>531</xmin>
			<ymin>1128</ymin>
			<xmax>582</xmax>
			<ymax>1171</ymax>
		</bndbox>
	</object>
	<object>
		<name>fusarium</name>
		<pose>Unspecified</pose>
		<truncated>0</truncated>
		<difficult>0</difficult>
		<bndbox>
			<xmin>302</xmin>
			<ymin>1032</ymin>
			<xmax>371</xmax>
			<ymax>1061</ymax>
		</bndbox>
	</object>
	<object>
		<name>fusarium</name>
		<pose>Unspecified</pose>
		<truncated>0</truncated>
		<difficult>0</difficult>
		<bndbox>
			<xmin>761</xmin>
			<ymin>929</ymin>
			<xmax>888</xmax>
			<ymax>1031</ymax>
		</bndbox>
	</object>
	<object>
		<name>fusarium</name>
		<pose>Unspecified</pose>
		<truncated>0</truncated>
		<difficult>0</difficult>
		<bndbox>
			<xmin>970</xmin>
			<ymin>1169</ymin>
			<xmax>993</xmax>
			<ymax>1224</ymax>
		</bndbox>
	</object>
	<object>
		<name>fusarium</name>
		<pose>Unspecified</pose>
		<truncated>0</truncated>
		<difficult>0</difficult>
		<bndbox>
			<xmin>1029</xmin>
			<ymin>1291</ymin>
			<xmax>1105</xmax>
			<ymax>1346</ymax>
		</bndbox>
	</object>
	<object>
		<name>fusarium</name>
		<pose>Unspecified</pose>
		<truncated>0</truncated>
		<difficult>0</difficult>
		<bndbox>
			<xmin>712</xmin>
			<ymin>518</ymin>
			<xmax>770</xmax>
			<ymax>566</ymax>
		</bndbox>
	</object>
	<object>
		<name>fusarium</name>
		<pose>Unspecified</pose>
		<truncated>0</truncated>
		<difficult>0</difficult>
		<bndbox>
			<xmin>604</xmin>
			<ymin>757</ymin>
			<xmax>684</xmax>
			<ymax>788</ymax>
		</bndbox>
	</object>
	<object>
		<name>fusarium</name>
		<pose>Unspecified</pose>
		<truncated>0</truncated>
		<difficult>0</difficult>
		<bndbox>
			<xmin>595</xmin>
			<ymin>692</ymin>
			<xmax>621</xmax>
			<ymax>764</ymax>
		</bndbox>
	</object>
	<object>
		<name>fusarium</name>
		<pose>Unspecified</pose>
		<truncated>0</truncated>
		<difficult>0</difficult>
		<bndbox>
			<xmin>950</xmin>
			<ymin>601</ymin>
			<xmax>981</xmax>
			<ymax>624</ymax>
		</bndbox>
	</object>
	<object>
		<name>fusarium</name>
		<pose>Unspecified</pose>
		<truncated>0</truncated>
		<difficult>0</difficult>
		<bndbox>
			<xmin>1225</xmin>
			<ymin>916</ymin>
			<xmax>1294</xmax>
			<ymax>939</ymax>
		</bndbox>
	</object>
	<object>
		<name>fusarium</name>
		<pose>Unspecified</pose>
		<truncated>0</truncated>
		<difficult>0</difficult>
		<bndbox>
			<xmin>1555</xmin>
			<ymin>684</ymin>
			<xmax>1591</xmax>
			<ymax>751</ymax>
		</bndbox>
	</object>
	<object>
		<name>fusarium</name>
		<pose>Unspecified</pose>
		<truncated>0</truncated>
		<difficult>0</difficult>
		<bndbox>
			<xmin>1453</xmin>
			<ymin>874</ymin>
			<xmax>1517</xmax>
			<ymax>926</ymax>
		</bndbox>
	</object>
	<object>
		<name>fusarium</name>
		<pose>Unspecified</pose>
		<truncated>0</truncated>
		<difficult>0</difficult>
		<bndbox>
			<xmin>1431</xmin>
			<ymin>532</ymin>
			<xmax>1488</xmax>
			<ymax>644</ymax>
		</bndbox>
	</object>
	<object>
		<name>fusarium</name>
		<pose>Unspecified</pose>
		<truncated>0</truncated>
		<difficult>0</difficult>
		<bndbox>
			<xmin>1705</xmin>
			<ymin>597</ymin>
			<xmax>1728</xmax>
			<ymax>637</ymax>
		</bndbox>
	</object>
	<object>
		<name>fusarium</name>
		<pose>Unspecified</pose>
		<truncated>0</truncated>
		<difficult>0</difficult>
		<bndbox>
			<xmin>1224</xmin>
			<ymin>558</ymin>
			<xmax>1314</xmax>
			<ymax>621</ymax>
		</bndbox>
	</object>
	<object>
		<name>fusarium</name>
		<pose>Unspecified</pose>
		<truncated>0</truncated>
		<difficult>0</difficult>
		<bndbox>
			<xmin>1480</xmin>
			<ymin>199</ymin>
			<xmax>1544</xmax>
			<ymax>321</ymax>
		</bndbox>
	</object>
	<object>
		<name>fusarium</name>
		<pose>Unspecified</pose>
		<truncated>0</truncated>
		<difficult>0</difficult>
		<bndbox>
			<xmin>1810</xmin>
			<ymin>252</ymin>
			<xmax>1881</xmax>
			<ymax>374</ymax>
		</bndbox>
	</object>
	<object>
		<name>fusarium</name>
		<pose>Unspecified</pose>
		<truncated>0</truncated>
		<difficult>0</difficult>
		<bndbox>
			<xmin>1675</xmin>
			<ymin>149</ymin>
			<xmax>1779</xmax>
			<ymax>232</ymax>
		</bndbox>
	</object>
	<object>
		<name>fusarium</name>
		<pose>Unspecified</pose>
		<truncated>0</truncated>
		<difficult>0</difficult>
		<bndbox>
			<xmin>1811</xmin>
			<ymin>149</ymin>
			<xmax>1863</xmax>
			<ymax>229</ymax>
		</bndbox>
	</object>
	<object>
		<name>fusarium</name>
		<pose>Unspecified</pose>
		<truncated>0</truncated>
		<difficult>0</difficult>
		<bndbox>
			<xmin>1944</xmin>
			<ymin>76</ymin>
			<xmax>1992</xmax>
			<ymax>126</ymax>
		</bndbox>
	</object>
	<object>
		<name>fusarium</name>
		<pose>Unspecified</pose>
		<truncated>1</truncated>
		<difficult>0</difficult>
		<bndbox>
			<xmin>1925</xmin>
			<ymin>1</ymin>
			<xmax>1975</xmax>
			<ymax>39</ymax>
		</bndbox>
	</object>
	<object>
		<name>fusarium</name>
		<pose>Unspecified</pose>
		<truncated>1</truncated>
		<difficult>0</difficult>
		<bndbox>
			<xmin>1963</xmin>
			<ymin>1</ymin>
			<xmax>2017</xmax>
			<ymax>36</ymax>
		</bndbox>
	</object>
	<object>
		<name>fusarium</name>
		<pose>Unspecified</pose>
		<truncated>0</truncated>
		<difficult>0</difficult>
		<bndbox>
			<xmin>1468</xmin>
			<ymin>1354</ymin>
			<xmax>1525</xmax>
			<ymax>1526</ymax>
		</bndbox>
	</object>
	<object>
		<name>fusarium</name>
		<pose>Unspecified</pose>
		<truncated>0</truncated>
		<difficult>0</difficult>
		<bndbox>
			<xmin>1633</xmin>
			<ymin>1431</ymin>
			<xmax>1656</xmax>
			<ymax>1474</ymax>
		</bndbox>
	</object>
	<object>
		<name>fusarium</name>
		<pose>Unspecified</pose>
		<truncated>0</truncated>
		<difficult>0</difficult>
		<bndbox>
			<xmin>1311</xmin>
			<ymin>1369</ymin>
			<xmax>1353</xmax>
			<ymax>1417</ymax>
		</bndbox>
	</object>
	<object>
		<name>fusarium</name>
		<pose>Unspecified</pose>
		<truncated>0</truncated>
		<difficult>0</difficult>
		<bndbox>
			<xmin>1426</xmin>
			<ymin>1078</ymin>
			<xmax>1509</xmax>
			<ymax>1144</ymax>
		</bndbox>
	</object>
	<object>
		<name>fusarium</name>
		<pose>Unspecified</pose>
		<truncated>0</truncated>
		<difficult>0</difficult>
		<bndbox>
			<xmin>2218</xmin>
			<ymin>1323</ymin>
			<xmax>2276</xmax>
			<ymax>1372</ymax>
		</bndbox>
	</object>
	<object>
		<name>fusarium</name>
		<pose>Unspecified</pose>
		<truncated>0</truncated>
		<difficult>0</difficult>
		<bndbox>
			<xmin>2264</xmin>
			<ymin>1340</ymin>
			<xmax>2295</xmax>
			<ymax>1369</ymax>
		</bndbox>
	</object>
	<object>
		<name>fusarium</name>
		<pose>Unspecified</pose>
		<truncated>0</truncated>
		<difficult>0</difficult>
		<bndbox>
			<xmin>2373</xmin>
			<ymin>1356</ymin>
			<xmax>2479</xmax>
			<ymax>1402</ymax>
		</bndbox>
	</object>
	<object>
		<name>fusarium</name>
		<pose>Unspecified</pose>
		<truncated>0</truncated>
		<difficult>0</difficult>
		<bndbox>
			<xmin>2450</xmin>
			<ymin>1429</ymin>
			<xmax>2493</xmax>
			<ymax>1465</ymax>
		</bndbox>
	</object>
	<object>
		<name>fusarium</name>
		<pose>Unspecified</pose>
		<truncated>0</truncated>
		<difficult>0</difficult>
		<bndbox>
			<xmin>2574</xmin>
			<ymin>1397</ymin>
			<xmax>2678</xmax>
			<ymax>1538</ymax>
		</bndbox>
	</object>
	<object>
		<name>fusarium</name>
		<pose>Unspecified</pose>
		<truncated>0</truncated>
		<difficult>0</difficult>
		<bndbox>
			<xmin>2546</xmin>
			<ymin>1268</ymin>
			<xmax>2643</xmax>
			<ymax>1344</ymax>
		</bndbox>
	</object>
	<object>
		<name>fusarium</name>
		<pose>Unspecified</pose>
		<truncated>0</truncated>
		<difficult>0</difficult>
		<bndbox>
			<xmin>2622</xmin>
			<ymin>1291</ymin>
			<xmax>2722</xmax>
			<ymax>1353</ymax>
		</bndbox>
	</object>
	<object>
		<name>fusarium</name>
		<pose>Unspecified</pose>
		<truncated>0</truncated>
		<difficult>0</difficult>
		<bndbox>
			<xmin>2465</xmin>
			<ymin>1159</ymin>
			<xmax>2598</xmax>
			<ymax>1198</ymax>
		</bndbox>
	</object>
	<object>
		<name>fusarium</name>
		<pose>Unspecified</pose>
		<truncated>0</truncated>
		<difficult>0</difficult>
		<bndbox>
			<xmin>2583</xmin>
			<ymin>844</ymin>
			<xmax>2667</xmax>
			<ymax>911</ymax>
		</bndbox>
	</object>
	<object>
		<name>fusarium</name>
		<pose>Unspecified</pose>
		<truncated>0</truncated>
		<difficult>0</difficult>
		<bndbox>
			<xmin>2087</xmin>
			<ymin>971</ymin>
			<xmax>2147</xmax>
			<ymax>1025</ymax>
		</bndbox>
	</object>
	<object>
		<name>fusarium</name>
		<pose>Unspecified</pose>
		<truncated>0</truncated>
		<difficult>0</difficult>
		<bndbox>
			<xmin>2240</xmin>
			<ymin>922</ymin>
			<xmax>2372</xmax>
			<ymax>1021</ymax>
		</bndbox>
	</object>
	<object>
		<name>fusarium</name>
		<pose>Unspecified</pose>
		<truncated>0</truncated>
		<difficult>0</difficult>
		<bndbox>
			<xmin>2333</xmin>
			<ymin>932</ymin>
			<xmax>2360</xmax>
			<ymax>999</ymax>
		</bndbox>
	</object>
	<object>
		<name>fusarium</name>
		<pose>Unspecified</pose>
		<truncated>0</truncated>
		<difficult>0</difficult>
		<bndbox>
			<xmin>2310</xmin>
			<ymin>823</ymin>
			<xmax>2387</xmax>
			<ymax>911</ymax>
		</bndbox>
	</object>
	<object>
		<name>fusarium</name>
		<pose>Unspecified</pose>
		<truncated>0</truncated>
		<difficult>0</difficult>
		<bndbox>
			<xmin>2089</xmin>
			<ymin>519</ymin>
			<xmax>2183</xmax>
			<ymax>606</ymax>
		</bndbox>
	</object>
	<object>
		<name>fusarium</name>
		<pose>Unspecified</pose>
		<truncated>0</truncated>
		<difficult>0</difficult>
		<bndbox>
			<xmin>2156</xmin>
			<ymin>504</ymin>
			<xmax>2184</xmax>
			<ymax>564</ymax>
		</bndbox>
	</object>
	<object>
		<name>fusarium</name>
		<pose>Unspecified</pose>
		<truncated>0</truncated>
		<difficult>0</difficult>
		<bndbox>
			<xmin>2204</xmin>
			<ymin>458</ymin>
			<xmax>2265</xmax>
			<ymax>491</ymax>
		</bndbox>
	</object>
	<object>
		<name>fusarium</name>
		<pose>Unspecified</pose>
		<truncated>0</truncated>
		<difficult>0</difficult>
		<bndbox>
			<xmin>2427</xmin>
			<ymin>609</ymin>
			<xmax>2454</xmax>
			<ymax>669</ymax>
		</bndbox>
	</object>
	<object>
		<name>fusarium</name>
		<pose>Unspecified</pose>
		<truncated>0</truncated>
		<difficult>0</difficult>
		<bndbox>
			<xmin>2406</xmin>
			<ymin>504</ymin>
			<xmax>2463</xmax>
			<ymax>606</ymax>
		</bndbox>
	</object>
	<object>
		<name>fusarium</name>
		<pose>Unspecified</pose>
		<truncated>0</truncated>
		<difficult>0</difficult>
		<bndbox>
			<xmin>2308</xmin>
			<ymin>438</ymin>
			<xmax>2398</xmax>
			<ymax>481</ymax>
		</bndbox>
	</object>
	<object>
		<name>fusarium</name>
		<pose>Unspecified</pose>
		<truncated>0</truncated>
		<difficult>0</difficult>
		<bndbox>
			<xmin>2198</xmin>
			<ymin>1680</ymin>
			<xmax>2264</xmax>
			<ymax>1824</ymax>
		</bndbox>
	</object>
	<object>
		<name>fusarium</name>
		<pose>Unspecified</pose>
		<truncated>0</truncated>
		<difficult>0</difficult>
		<bndbox>
			<xmin>2298</xmin>
			<ymin>1892</ymin>
			<xmax>2320</xmax>
			<ymax>1946</ymax>
		</bndbox>
	</object>
	<object>
		<name>fusarium</name>
		<pose>Unspecified</pose>
		<truncated>0</truncated>
		<difficult>0</difficult>
		<bndbox>
			<xmin>2307</xmin>
			<ymin>2068</ymin>
			<xmax>2378</xmax>
			<ymax>2156</ymax>
		</bndbox>
	</object>
	<object>
		<name>fusarium</name>
		<pose>Unspecified</pose>
		<truncated>0</truncated>
		<difficult>0</difficult>
		<bndbox>
			<xmin>2314</xmin>
			<ymin>2157</ymin>
			<xmax>2368</xmax>
			<ymax>2186</ymax>
		</bndbox>
	</object>
	<object>
		<name>fusarium</name>
		<pose>Unspecified</pose>
		<truncated>0</truncated>
		<difficult>0</difficult>
		<bndbox>
			<xmin>767</xmin>
			<ymin>2130</ymin>
			<xmax>786</xmax>
			<ymax>2156</ymax>
		</bndbox>
	</object>
	<object>
		<name>fusarium</name>
		<pose>Unspecified</pose>
		<truncated>0</truncated>
		<difficult>0</difficult>
		<bndbox>
			<xmin>2038</xmin>
			<ymin>201</ymin>
			<xmax>2125</xmax>
			<ymax>234</ymax>
		</bndbox>
	</object>
	<object>
		<name>fusarium</name>
		<pose>Unspecified</pose>
		<truncated>0</truncated>
		<difficult>0</difficult>
		<bndbox>
			<xmin>2369</xmin>
			<ymin>56</ymin>
			<xmax>2426</xmax>
			<ymax>89</ymax>
		</bndbox>
	</object>
	<object>
		<name>fusarium</name>
		<pose>Unspecified</pose>
		<truncated>0</truncated>
		<difficult>0</difficult>
		<bndbox>
			<xmin>869</xmin>
			<ymin>379</ymin>
			<xmax>941</xmax>
			<ymax>497</ymax>
		</bndbox>
	</object>
	<object>
		<name>fusarium</name>
		<pose>Unspecified</pose>
		<truncated>0</truncated>
		<difficult>0</difficult>
		<bndbox>
			<xmin>559</xmin>
			<ymin>118</ymin>
			<xmax>619</xmax>
			<ymax>156</ymax>
		</bndbox>
	</object>
	<object>
		<name>fusarium</name>
		<pose>Unspecified</pose>
		<truncated>1</truncated>
		<difficult>0</difficult>
		<bndbox>
			<xmin>871</xmin>
			<ymin>1</ymin>
			<xmax>1010</xmax>
			<ymax>106</ymax>
		</bndbox>
	</object>
</annotation>
