<annotation>
	<folder>JPEGImages</folder>
	<filename>299.jpg</filename>
	<path>H:\paper-2\spore\JPEGImages\299.jpg</path>
	<source>
		<database>Unknown</database>
	</source>
	<size>
		<width>2748</width>
		<height>2200</height>
		<depth>3</depth>
	</size>
	<segmented>0</segmented>
	<object>
		<name>fusarium</name>
		<pose>Unspecified</pose>
		<truncated>0</truncated>
		<difficult>0</difficult>
		<bndbox>
			<xmin>1453</xmin>
			<ymin>1389</ymin>
			<xmax>1495</xmax>
			<ymax>1507</ymax>
		</bndbox>
	</object>
	<object>
		<name>fusarium</name>
		<pose>Unspecified</pose>
		<truncated>0</truncated>
		<difficult>0</difficult>
		<bndbox>
			<xmin>1615</xmin>
			<ymin>1577</ymin>
			<xmax>1742</xmax>
			<ymax>1699</ymax>
		</bndbox>
	</object>
	<object>
		<name>fusarium</name>
		<pose>Unspecified</pose>
		<truncated>0</truncated>
		<difficult>0</difficult>
		<bndbox>
			<xmin>1894</xmin>
			<ymin>1581</ymin>
			<xmax>1927</xmax>
			<ymax>1687</ymax>
		</bndbox>
	</object>
	<object>
		<name>fusarium</name>
		<pose>Unspecified</pose>
		<truncated>0</truncated>
		<difficult>0</difficult>
		<bndbox>
			<xmin>1213</xmin>
			<ymin>1575</ymin>
			<xmax>1257</xmax>
			<ymax>1617</ymax>
		</bndbox>
	</object>
	<object>
		<name>fusarium</name>
		<pose>Unspecified</pose>
		<truncated>0</truncated>
		<difficult>0</difficult>
		<bndbox>
			<xmin>1163</xmin>
			<ymin>1495</ymin>
			<xmax>1264</xmax>
			<ymax>1609</ymax>
		</bndbox>
	</object>
	<object>
		<name>fusarium</name>
		<pose>Unspecified</pose>
		<truncated>0</truncated>
		<difficult>0</difficult>
		<bndbox>
			<xmin>960</xmin>
			<ymin>1777</ymin>
			<xmax>1033</xmax>
			<ymax>1804</ymax>
		</bndbox>
	</object>
	<object>
		<name>fusarium</name>
		<pose>Unspecified</pose>
		<truncated>0</truncated>
		<difficult>0</difficult>
		<bndbox>
			<xmin>1126</xmin>
			<ymin>1768</ymin>
			<xmax>1160</xmax>
			<ymax>1833</ymax>
		</bndbox>
	</object>
	<object>
		<name>fusarium</name>
		<pose>Unspecified</pose>
		<truncated>0</truncated>
		<difficult>0</difficult>
		<bndbox>
			<xmin>1257</xmin>
			<ymin>1797</ymin>
			<xmax>1286</xmax>
			<ymax>1844</ymax>
		</bndbox>
	</object>
	<object>
		<name>fusarium</name>
		<pose>Unspecified</pose>
		<truncated>0</truncated>
		<difficult>0</difficult>
		<bndbox>
			<xmin>1350</xmin>
			<ymin>1743</ymin>
			<xmax>1406</xmax>
			<ymax>1813</ymax>
		</bndbox>
	</object>
	<object>
		<name>fusarium</name>
		<pose>Unspecified</pose>
		<truncated>0</truncated>
		<difficult>0</difficult>
		<bndbox>
			<xmin>1441</xmin>
			<ymin>1748</ymin>
			<xmax>1480</xmax>
			<ymax>1810</ymax>
		</bndbox>
	</object>
	<object>
		<name>fusarium</name>
		<pose>Unspecified</pose>
		<truncated>0</truncated>
		<difficult>0</difficult>
		<bndbox>
			<xmin>1480</xmin>
			<ymin>1788</ymin>
			<xmax>1625</xmax>
			<ymax>1838</ymax>
		</bndbox>
	</object>
	<object>
		<name>fusarium</name>
		<pose>Unspecified</pose>
		<truncated>0</truncated>
		<difficult>0</difficult>
		<bndbox>
			<xmin>1749</xmin>
			<ymin>1843</ymin>
			<xmax>1783</xmax>
			<ymax>1884</ymax>
		</bndbox>
	</object>
	<object>
		<name>fusarium</name>
		<pose>Unspecified</pose>
		<truncated>0</truncated>
		<difficult>0</difficult>
		<bndbox>
			<xmin>1756</xmin>
			<ymin>1791</ymin>
			<xmax>1852</xmax>
			<ymax>1873</ymax>
		</bndbox>
	</object>
	<object>
		<name>fusarium</name>
		<pose>Unspecified</pose>
		<truncated>0</truncated>
		<difficult>0</difficult>
		<bndbox>
			<xmin>1155</xmin>
			<ymin>1865</ymin>
			<xmax>1178</xmax>
			<ymax>1903</ymax>
		</bndbox>
	</object>
	<object>
		<name>fusarium</name>
		<pose>Unspecified</pose>
		<truncated>0</truncated>
		<difficult>0</difficult>
		<bndbox>
			<xmin>384</xmin>
			<ymin>1798</ymin>
			<xmax>473</xmax>
			<ymax>1928</ymax>
		</bndbox>
	</object>
	<object>
		<name>fusarium</name>
		<pose>Unspecified</pose>
		<truncated>0</truncated>
		<difficult>0</difficult>
		<bndbox>
			<xmin>723</xmin>
			<ymin>1733</ymin>
			<xmax>781</xmax>
			<ymax>1783</ymax>
		</bndbox>
	</object>
	<object>
		<name>fusarium</name>
		<pose>Unspecified</pose>
		<truncated>0</truncated>
		<difficult>0</difficult>
		<bndbox>
			<xmin>848</xmin>
			<ymin>1729</ymin>
			<xmax>915</xmax>
			<ymax>1755</ymax>
		</bndbox>
	</object>
	<object>
		<name>fusarium</name>
		<pose>Unspecified</pose>
		<truncated>1</truncated>
		<difficult>0</difficult>
		<bndbox>
			<xmin>1</xmin>
			<ymin>1861</ymin>
			<xmax>23</xmax>
			<ymax>1900</ymax>
		</bndbox>
	</object>
	<object>
		<name>fusarium</name>
		<pose>Unspecified</pose>
		<truncated>0</truncated>
		<difficult>0</difficult>
		<bndbox>
			<xmin>45</xmin>
			<ymin>1786</ymin>
			<xmax>100</xmax>
			<ymax>1864</ymax>
		</bndbox>
	</object>
	<object>
		<name>fusarium</name>
		<pose>Unspecified</pose>
		<truncated>0</truncated>
		<difficult>0</difficult>
		<bndbox>
			<xmin>195</xmin>
			<ymin>1717</ymin>
			<xmax>244</xmax>
			<ymax>1753</ymax>
		</bndbox>
	</object>
	<object>
		<name>fusarium</name>
		<pose>Unspecified</pose>
		<truncated>0</truncated>
		<difficult>0</difficult>
		<bndbox>
			<xmin>216</xmin>
			<ymin>1489</ymin>
			<xmax>237</xmax>
			<ymax>1530</ymax>
		</bndbox>
	</object>
	<object>
		<name>fusarium</name>
		<pose>Unspecified</pose>
		<truncated>0</truncated>
		<difficult>0</difficult>
		<bndbox>
			<xmin>340</xmin>
			<ymin>1423</ymin>
			<xmax>372</xmax>
			<ymax>1467</ymax>
		</bndbox>
	</object>
	<object>
		<name>fusarium</name>
		<pose>Unspecified</pose>
		<truncated>0</truncated>
		<difficult>0</difficult>
		<bndbox>
			<xmin>549</xmin>
			<ymin>1418</ymin>
			<xmax>616</xmax>
			<ymax>1497</ymax>
		</bndbox>
	</object>
	<object>
		<name>fusarium</name>
		<pose>Unspecified</pose>
		<truncated>0</truncated>
		<difficult>0</difficult>
		<bndbox>
			<xmin>815</xmin>
			<ymin>1417</ymin>
			<xmax>842</xmax>
			<ymax>1456</ymax>
		</bndbox>
	</object>
	<object>
		<name>fusarium</name>
		<pose>Unspecified</pose>
		<truncated>0</truncated>
		<difficult>0</difficult>
		<bndbox>
			<xmin>879</xmin>
			<ymin>1374</ymin>
			<xmax>929</xmax>
			<ymax>1403</ymax>
		</bndbox>
	</object>
	<object>
		<name>fusarium</name>
		<pose>Unspecified</pose>
		<truncated>1</truncated>
		<difficult>0</difficult>
		<bndbox>
			<xmin>1</xmin>
			<ymin>1178</ymin>
			<xmax>22</xmax>
			<ymax>1206</ymax>
		</bndbox>
	</object>
	<object>
		<name>fusarium</name>
		<pose>Unspecified</pose>
		<truncated>0</truncated>
		<difficult>0</difficult>
		<bndbox>
			<xmin>485</xmin>
			<ymin>1276</ymin>
			<xmax>518</xmax>
			<ymax>1310</ymax>
		</bndbox>
	</object>
	<object>
		<name>fusarium</name>
		<pose>Unspecified</pose>
		<truncated>0</truncated>
		<difficult>0</difficult>
		<bndbox>
			<xmin>497</xmin>
			<ymin>1250</ymin>
			<xmax>552</xmax>
			<ymax>1283</ymax>
		</bndbox>
	</object>
	<object>
		<name>fusarium</name>
		<pose>Unspecified</pose>
		<truncated>0</truncated>
		<difficult>0</difficult>
		<bndbox>
			<xmin>327</xmin>
			<ymin>1021</ymin>
			<xmax>381</xmax>
			<ymax>1131</ymax>
		</bndbox>
	</object>
	<object>
		<name>fusarium</name>
		<pose>Unspecified</pose>
		<truncated>0</truncated>
		<difficult>0</difficult>
		<bndbox>
			<xmin>260</xmin>
			<ymin>1018</ymin>
			<xmax>314</xmax>
			<ymax>1051</ymax>
		</bndbox>
	</object>
	<object>
		<name>fusarium</name>
		<pose>Unspecified</pose>
		<truncated>0</truncated>
		<difficult>0</difficult>
		<bndbox>
			<xmin>620</xmin>
			<ymin>943</ymin>
			<xmax>694</xmax>
			<ymax>1058</ymax>
		</bndbox>
	</object>
	<object>
		<name>fusarium</name>
		<pose>Unspecified</pose>
		<truncated>0</truncated>
		<difficult>0</difficult>
		<bndbox>
			<xmin>646</xmin>
			<ymin>909</ymin>
			<xmax>703</xmax>
			<ymax>974</ymax>
		</bndbox>
	</object>
	<object>
		<name>fusarium</name>
		<pose>Unspecified</pose>
		<truncated>0</truncated>
		<difficult>0</difficult>
		<bndbox>
			<xmin>718</xmin>
			<ymin>991</ymin>
			<xmax>790</xmax>
			<ymax>1086</ymax>
		</bndbox>
	</object>
	<object>
		<name>fusarium</name>
		<pose>Unspecified</pose>
		<truncated>0</truncated>
		<difficult>0</difficult>
		<bndbox>
			<xmin>923</xmin>
			<ymin>1154</ymin>
			<xmax>1016</xmax>
			<ymax>1186</ymax>
		</bndbox>
	</object>
	<object>
		<name>fusarium</name>
		<pose>Unspecified</pose>
		<truncated>0</truncated>
		<difficult>0</difficult>
		<bndbox>
			<xmin>978</xmin>
			<ymin>1121</ymin>
			<xmax>998</xmax>
			<ymax>1159</ymax>
		</bndbox>
	</object>
	<object>
		<name>fusarium</name>
		<pose>Unspecified</pose>
		<truncated>0</truncated>
		<difficult>0</difficult>
		<bndbox>
			<xmin>1016</xmin>
			<ymin>1099</ymin>
			<xmax>1039</xmax>
			<ymax>1146</ymax>
		</bndbox>
	</object>
	<object>
		<name>fusarium</name>
		<pose>Unspecified</pose>
		<truncated>0</truncated>
		<difficult>0</difficult>
		<bndbox>
			<xmin>1012</xmin>
			<ymin>1014</ymin>
			<xmax>1128</xmax>
			<ymax>1117</ymax>
		</bndbox>
	</object>
	<object>
		<name>fusarium</name>
		<pose>Unspecified</pose>
		<truncated>1</truncated>
		<difficult>0</difficult>
		<bndbox>
			<xmin>1</xmin>
			<ymin>764</ymin>
			<xmax>55</xmax>
			<ymax>807</ymax>
		</bndbox>
	</object>
	<object>
		<name>fusarium</name>
		<pose>Unspecified</pose>
		<truncated>0</truncated>
		<difficult>0</difficult>
		<bndbox>
			<xmin>427</xmin>
			<ymin>754</ymin>
			<xmax>519</xmax>
			<ymax>789</ymax>
		</bndbox>
	</object>
	<object>
		<name>fusarium</name>
		<pose>Unspecified</pose>
		<truncated>0</truncated>
		<difficult>0</difficult>
		<bndbox>
			<xmin>853</xmin>
			<ymin>796</ymin>
			<xmax>885</xmax>
			<ymax>864</ymax>
		</bndbox>
	</object>
	<object>
		<name>fusarium</name>
		<pose>Unspecified</pose>
		<truncated>0</truncated>
		<difficult>0</difficult>
		<bndbox>
			<xmin>1173</xmin>
			<ymin>878</ymin>
			<xmax>1200</xmax>
			<ymax>934</ymax>
		</bndbox>
	</object>
	<object>
		<name>fusarium</name>
		<pose>Unspecified</pose>
		<truncated>0</truncated>
		<difficult>0</difficult>
		<bndbox>
			<xmin>1203</xmin>
			<ymin>844</ymin>
			<xmax>1232</xmax>
			<ymax>904</ymax>
		</bndbox>
	</object>
	<object>
		<name>fusarium</name>
		<pose>Unspecified</pose>
		<truncated>0</truncated>
		<difficult>0</difficult>
		<bndbox>
			<xmin>697</xmin>
			<ymin>726</ymin>
			<xmax>828</xmax>
			<ymax>789</ymax>
		</bndbox>
	</object>
	<object>
		<name>fusarium</name>
		<pose>Unspecified</pose>
		<truncated>0</truncated>
		<difficult>0</difficult>
		<bndbox>
			<xmin>528</xmin>
			<ymin>710</ymin>
			<xmax>665</xmax>
			<ymax>795</ymax>
		</bndbox>
	</object>
	<object>
		<name>fusarium</name>
		<pose>Unspecified</pose>
		<truncated>0</truncated>
		<difficult>0</difficult>
		<bndbox>
			<xmin>253</xmin>
			<ymin>645</ymin>
			<xmax>275</xmax>
			<ymax>684</ymax>
		</bndbox>
	</object>
	<object>
		<name>fusarium</name>
		<pose>Unspecified</pose>
		<truncated>0</truncated>
		<difficult>0</difficult>
		<bndbox>
			<xmin>347</xmin>
			<ymin>624</ymin>
			<xmax>398</xmax>
			<ymax>649</ymax>
		</bndbox>
	</object>
	<object>
		<name>fusarium</name>
		<pose>Unspecified</pose>
		<truncated>0</truncated>
		<difficult>0</difficult>
		<bndbox>
			<xmin>966</xmin>
			<ymin>657</ymin>
			<xmax>989</xmax>
			<ymax>700</ymax>
		</bndbox>
	</object>
	<object>
		<name>fusarium</name>
		<pose>Unspecified</pose>
		<truncated>0</truncated>
		<difficult>0</difficult>
		<bndbox>
			<xmin>651</xmin>
			<ymin>566</ymin>
			<xmax>699</xmax>
			<ymax>631</ymax>
		</bndbox>
	</object>
	<object>
		<name>fusarium</name>
		<pose>Unspecified</pose>
		<truncated>0</truncated>
		<difficult>0</difficult>
		<bndbox>
			<xmin>625</xmin>
			<ymin>560</ymin>
			<xmax>683</xmax>
			<ymax>581</ymax>
		</bndbox>
	</object>
	<object>
		<name>fusarium</name>
		<pose>Unspecified</pose>
		<truncated>0</truncated>
		<difficult>0</difficult>
		<bndbox>
			<xmin>717</xmin>
			<ymin>518</ymin>
			<xmax>742</xmax>
			<ymax>566</ymax>
		</bndbox>
	</object>
	<object>
		<name>fusarium</name>
		<pose>Unspecified</pose>
		<truncated>0</truncated>
		<difficult>0</difficult>
		<bndbox>
			<xmin>868</xmin>
			<ymin>629</ymin>
			<xmax>917</xmax>
			<ymax>655</ymax>
		</bndbox>
	</object>
	<object>
		<name>fusarium</name>
		<pose>Unspecified</pose>
		<truncated>0</truncated>
		<difficult>0</difficult>
		<bndbox>
			<xmin>1222</xmin>
			<ymin>756</ymin>
			<xmax>1285</xmax>
			<ymax>778</ymax>
		</bndbox>
	</object>
	<object>
		<name>fusarium</name>
		<pose>Unspecified</pose>
		<truncated>0</truncated>
		<difficult>0</difficult>
		<bndbox>
			<xmin>1253</xmin>
			<ymin>703</ymin>
			<xmax>1280</xmax>
			<ymax>756</ymax>
		</bndbox>
	</object>
	<object>
		<name>fusarium</name>
		<pose>Unspecified</pose>
		<truncated>0</truncated>
		<difficult>0</difficult>
		<bndbox>
			<xmin>1178</xmin>
			<ymin>661</ymin>
			<xmax>1296</xmax>
			<ymax>706</ymax>
		</bndbox>
	</object>
	<object>
		<name>fusarium</name>
		<pose>Unspecified</pose>
		<truncated>0</truncated>
		<difficult>0</difficult>
		<bndbox>
			<xmin>1129</xmin>
			<ymin>550</ymin>
			<xmax>1188</xmax>
			<ymax>611</ymax>
		</bndbox>
	</object>
	<object>
		<name>fusarium</name>
		<pose>Unspecified</pose>
		<truncated>1</truncated>
		<difficult>0</difficult>
		<bndbox>
			<xmin>1</xmin>
			<ymin>396</ymin>
			<xmax>61</xmax>
			<ymax>434</ymax>
		</bndbox>
	</object>
	<object>
		<name>fusarium</name>
		<pose>Unspecified</pose>
		<truncated>0</truncated>
		<difficult>0</difficult>
		<bndbox>
			<xmin>345</xmin>
			<ymin>538</ymin>
			<xmax>431</xmax>
			<ymax>572</ymax>
		</bndbox>
	</object>
	<object>
		<name>fusarium</name>
		<pose>Unspecified</pose>
		<truncated>0</truncated>
		<difficult>0</difficult>
		<bndbox>
			<xmin>427</xmin>
			<ymin>531</ymin>
			<xmax>470</xmax>
			<ymax>616</ymax>
		</bndbox>
	</object>
	<object>
		<name>fusarium</name>
		<pose>Unspecified</pose>
		<truncated>0</truncated>
		<difficult>0</difficult>
		<bndbox>
			<xmin>444</xmin>
			<ymin>530</ymin>
			<xmax>485</xmax>
			<ymax>553</ymax>
		</bndbox>
	</object>
	<object>
		<name>fusarium</name>
		<pose>Unspecified</pose>
		<truncated>0</truncated>
		<difficult>0</difficult>
		<bndbox>
			<xmin>862</xmin>
			<ymin>595</ymin>
			<xmax>923</xmax>
			<ymax>644</ymax>
		</bndbox>
	</object>
	<object>
		<name>fusarium</name>
		<pose>Unspecified</pose>
		<truncated>0</truncated>
		<difficult>0</difficult>
		<bndbox>
			<xmin>878</xmin>
			<ymin>571</ymin>
			<xmax>928</xmax>
			<ymax>594</ymax>
		</bndbox>
	</object>
	<object>
		<name>fusarium</name>
		<pose>Unspecified</pose>
		<truncated>0</truncated>
		<difficult>0</difficult>
		<bndbox>
			<xmin>850</xmin>
			<ymin>440</ymin>
			<xmax>913</xmax>
			<ymax>575</ymax>
		</bndbox>
	</object>
	<object>
		<name>fusarium</name>
		<pose>Unspecified</pose>
		<truncated>0</truncated>
		<difficult>0</difficult>
		<bndbox>
			<xmin>909</xmin>
			<ymin>449</ymin>
			<xmax>931</xmax>
			<ymax>493</ymax>
		</bndbox>
	</object>
	<object>
		<name>fusarium</name>
		<pose>Unspecified</pose>
		<truncated>0</truncated>
		<difficult>0</difficult>
		<bndbox>
			<xmin>973</xmin>
			<ymin>449</ymin>
			<xmax>1015</xmax>
			<ymax>499</ymax>
		</bndbox>
	</object>
	<object>
		<name>fusarium</name>
		<pose>Unspecified</pose>
		<truncated>0</truncated>
		<difficult>0</difficult>
		<bndbox>
			<xmin>1002</xmin>
			<ymin>519</ymin>
			<xmax>1038</xmax>
			<ymax>574</ymax>
		</bndbox>
	</object>
	<object>
		<name>fusarium</name>
		<pose>Unspecified</pose>
		<truncated>0</truncated>
		<difficult>0</difficult>
		<bndbox>
			<xmin>1030</xmin>
			<ymin>488</ymin>
			<xmax>1101</xmax>
			<ymax>569</ymax>
		</bndbox>
	</object>
	<object>
		<name>fusarium</name>
		<pose>Unspecified</pose>
		<truncated>0</truncated>
		<difficult>0</difficult>
		<bndbox>
			<xmin>1039</xmin>
			<ymin>451</ymin>
			<xmax>1062</xmax>
			<ymax>497</ymax>
		</bndbox>
	</object>
	<object>
		<name>fusarium</name>
		<pose>Unspecified</pose>
		<truncated>0</truncated>
		<difficult>0</difficult>
		<bndbox>
			<xmin>822</xmin>
			<ymin>392</ymin>
			<xmax>869</xmax>
			<ymax>424</ymax>
		</bndbox>
	</object>
	<object>
		<name>fusarium</name>
		<pose>Unspecified</pose>
		<truncated>0</truncated>
		<difficult>0</difficult>
		<bndbox>
			<xmin>1330</xmin>
			<ymin>691</ymin>
			<xmax>1420</xmax>
			<ymax>749</ymax>
		</bndbox>
	</object>
	<object>
		<name>fusarium</name>
		<pose>Unspecified</pose>
		<truncated>0</truncated>
		<difficult>0</difficult>
		<bndbox>
			<xmin>1327</xmin>
			<ymin>679</ymin>
			<xmax>1370</xmax>
			<ymax>711</ymax>
		</bndbox>
	</object>
	<object>
		<name>fusarium</name>
		<pose>Unspecified</pose>
		<truncated>0</truncated>
		<difficult>0</difficult>
		<bndbox>
			<xmin>1458</xmin>
			<ymin>620</ymin>
			<xmax>1499</xmax>
			<ymax>646</ymax>
		</bndbox>
	</object>
	<object>
		<name>fusarium</name>
		<pose>Unspecified</pose>
		<truncated>0</truncated>
		<difficult>0</difficult>
		<bndbox>
			<xmin>1488</xmin>
			<ymin>506</ymin>
			<xmax>1522</xmax>
			<ymax>649</ymax>
		</bndbox>
	</object>
	<object>
		<name>fusarium</name>
		<pose>Unspecified</pose>
		<truncated>0</truncated>
		<difficult>0</difficult>
		<bndbox>
			<xmin>1267</xmin>
			<ymin>503</ymin>
			<xmax>1425</xmax>
			<ymax>561</ymax>
		</bndbox>
	</object>
	<object>
		<name>fusarium</name>
		<pose>Unspecified</pose>
		<truncated>0</truncated>
		<difficult>0</difficult>
		<bndbox>
			<xmin>1522</xmin>
			<ymin>660</ymin>
			<xmax>1589</xmax>
			<ymax>775</ymax>
		</bndbox>
	</object>
	<object>
		<name>fusarium</name>
		<pose>Unspecified</pose>
		<truncated>0</truncated>
		<difficult>0</difficult>
		<bndbox>
			<xmin>1611</xmin>
			<ymin>666</ymin>
			<xmax>1673</xmax>
			<ymax>704</ymax>
		</bndbox>
	</object>
	<object>
		<name>fusarium</name>
		<pose>Unspecified</pose>
		<truncated>0</truncated>
		<difficult>0</difficult>
		<bndbox>
			<xmin>1421</xmin>
			<ymin>847</ymin>
			<xmax>1462</xmax>
			<ymax>966</ymax>
		</bndbox>
	</object>
	<object>
		<name>fusarium</name>
		<pose>Unspecified</pose>
		<truncated>0</truncated>
		<difficult>0</difficult>
		<bndbox>
			<xmin>1551</xmin>
			<ymin>871</ymin>
			<xmax>1593</xmax>
			<ymax>899</ymax>
		</bndbox>
	</object>
	<object>
		<name>fusarium</name>
		<pose>Unspecified</pose>
		<truncated>0</truncated>
		<difficult>0</difficult>
		<bndbox>
			<xmin>1521</xmin>
			<ymin>832</ymin>
			<xmax>1610</xmax>
			<ymax>896</ymax>
		</bndbox>
	</object>
	<object>
		<name>fusarium</name>
		<pose>Unspecified</pose>
		<truncated>0</truncated>
		<difficult>0</difficult>
		<bndbox>
			<xmin>1540</xmin>
			<ymin>802</ymin>
			<xmax>1607</xmax>
			<ymax>863</ymax>
		</bndbox>
	</object>
	<object>
		<name>fusarium</name>
		<pose>Unspecified</pose>
		<truncated>0</truncated>
		<difficult>0</difficult>
		<bndbox>
			<xmin>1944</xmin>
			<ymin>894</ymin>
			<xmax>1992</xmax>
			<ymax>953</ymax>
		</bndbox>
	</object>
	<object>
		<name>fusarium</name>
		<pose>Unspecified</pose>
		<truncated>0</truncated>
		<difficult>0</difficult>
		<bndbox>
			<xmin>1802</xmin>
			<ymin>699</ymin>
			<xmax>1871</xmax>
			<ymax>798</ymax>
		</bndbox>
	</object>
	<object>
		<name>fusarium</name>
		<pose>Unspecified</pose>
		<truncated>0</truncated>
		<difficult>0</difficult>
		<bndbox>
			<xmin>1862</xmin>
			<ymin>701</ymin>
			<xmax>1904</xmax>
			<ymax>751</ymax>
		</bndbox>
	</object>
	<object>
		<name>fusarium</name>
		<pose>Unspecified</pose>
		<truncated>0</truncated>
		<difficult>0</difficult>
		<bndbox>
			<xmin>2132</xmin>
			<ymin>886</ymin>
			<xmax>2178</xmax>
			<ymax>927</ymax>
		</bndbox>
	</object>
	<object>
		<name>fusarium</name>
		<pose>Unspecified</pose>
		<truncated>0</truncated>
		<difficult>0</difficult>
		<bndbox>
			<xmin>2160</xmin>
			<ymin>871</ymin>
			<xmax>2183</xmax>
			<ymax>913</ymax>
		</bndbox>
	</object>
	<object>
		<name>fusarium</name>
		<pose>Unspecified</pose>
		<truncated>0</truncated>
		<difficult>0</difficult>
		<bndbox>
			<xmin>2176</xmin>
			<ymin>896</ymin>
			<xmax>2200</xmax>
			<ymax>943</ymax>
		</bndbox>
	</object>
	<object>
		<name>fusarium</name>
		<pose>Unspecified</pose>
		<truncated>0</truncated>
		<difficult>0</difficult>
		<bndbox>
			<xmin>1969</xmin>
			<ymin>925</ymin>
			<xmax>2048</xmax>
			<ymax>1064</ymax>
		</bndbox>
	</object>
	<object>
		<name>fusarium</name>
		<pose>Unspecified</pose>
		<truncated>0</truncated>
		<difficult>0</difficult>
		<bndbox>
			<xmin>1988</xmin>
			<ymin>979</ymin>
			<xmax>2073</xmax>
			<ymax>1108</ymax>
		</bndbox>
	</object>
	<object>
		<name>fusarium</name>
		<pose>Unspecified</pose>
		<truncated>0</truncated>
		<difficult>0</difficult>
		<bndbox>
			<xmin>2341</xmin>
			<ymin>1110</ymin>
			<xmax>2365</xmax>
			<ymax>1151</ymax>
		</bndbox>
	</object>
	<object>
		<name>fusarium</name>
		<pose>Unspecified</pose>
		<truncated>0</truncated>
		<difficult>0</difficult>
		<bndbox>
			<xmin>1497</xmin>
			<ymin>1088</ymin>
			<xmax>1582</xmax>
			<ymax>1190</ymax>
		</bndbox>
	</object>
	<object>
		<name>fusarium</name>
		<pose>Unspecified</pose>
		<truncated>0</truncated>
		<difficult>0</difficult>
		<bndbox>
			<xmin>1485</xmin>
			<ymin>1264</ymin>
			<xmax>1576</xmax>
			<ymax>1303</ymax>
		</bndbox>
	</object>
	<object>
		<name>fusarium</name>
		<pose>Unspecified</pose>
		<truncated>0</truncated>
		<difficult>0</difficult>
		<bndbox>
			<xmin>1755</xmin>
			<ymin>1226</ymin>
			<xmax>1824</xmax>
			<ymax>1261</ymax>
		</bndbox>
	</object>
	<object>
		<name>fusarium</name>
		<pose>Unspecified</pose>
		<truncated>0</truncated>
		<difficult>0</difficult>
		<bndbox>
			<xmin>1790</xmin>
			<ymin>1239</ymin>
			<xmax>1897</xmax>
			<ymax>1275</ymax>
		</bndbox>
	</object>
	<object>
		<name>fusarium</name>
		<pose>Unspecified</pose>
		<truncated>0</truncated>
		<difficult>0</difficult>
		<bndbox>
			<xmin>1755</xmin>
			<ymin>1268</ymin>
			<xmax>1845</xmax>
			<ymax>1415</ymax>
		</bndbox>
	</object>
	<object>
		<name>fusarium</name>
		<pose>Unspecified</pose>
		<truncated>0</truncated>
		<difficult>0</difficult>
		<bndbox>
			<xmin>1955</xmin>
			<ymin>1413</ymin>
			<xmax>1989</xmax>
			<ymax>1452</ymax>
		</bndbox>
	</object>
	<object>
		<name>fusarium</name>
		<pose>Unspecified</pose>
		<truncated>0</truncated>
		<difficult>0</difficult>
		<bndbox>
			<xmin>2215</xmin>
			<ymin>1184</ymin>
			<xmax>2252</xmax>
			<ymax>1271</ymax>
		</bndbox>
	</object>
	<object>
		<name>fusarium</name>
		<pose>Unspecified</pose>
		<truncated>0</truncated>
		<difficult>0</difficult>
		<bndbox>
			<xmin>2517</xmin>
			<ymin>1820</ymin>
			<xmax>2554</xmax>
			<ymax>1872</ymax>
		</bndbox>
	</object>
	<object>
		<name>fusarium</name>
		<pose>Unspecified</pose>
		<truncated>0</truncated>
		<difficult>0</difficult>
		<bndbox>
			<xmin>2585</xmin>
			<ymin>1741</ymin>
			<xmax>2629</xmax>
			<ymax>1779</ymax>
		</bndbox>
	</object>
	<object>
		<name>fusarium</name>
		<pose>Unspecified</pose>
		<truncated>0</truncated>
		<difficult>0</difficult>
		<bndbox>
			<xmin>2588</xmin>
			<ymin>1669</ymin>
			<xmax>2687</xmax>
			<ymax>1750</ymax>
		</bndbox>
	</object>
	<object>
		<name>fusarium</name>
		<pose>Unspecified</pose>
		<truncated>0</truncated>
		<difficult>0</difficult>
		<bndbox>
			<xmin>2708</xmin>
			<ymin>1749</ymin>
			<xmax>2743</xmax>
			<ymax>1775</ymax>
		</bndbox>
	</object>
	<object>
		<name>fusarium</name>
		<pose>Unspecified</pose>
		<truncated>0</truncated>
		<difficult>0</difficult>
		<bndbox>
			<xmin>2670</xmin>
			<ymin>1776</ymin>
			<xmax>2733</xmax>
			<ymax>1808</ymax>
		</bndbox>
	</object>
	<object>
		<name>fusarium</name>
		<pose>Unspecified</pose>
		<truncated>1</truncated>
		<difficult>0</difficult>
		<bndbox>
			<xmin>1112</xmin>
			<ymin>2102</ymin>
			<xmax>1145</xmax>
			<ymax>2200</ymax>
		</bndbox>
	</object>
	<object>
		<name>fusarium</name>
		<pose>Unspecified</pose>
		<truncated>0</truncated>
		<difficult>0</difficult>
		<bndbox>
			<xmin>1282</xmin>
			<ymin>2015</ymin>
			<xmax>1307</xmax>
			<ymax>2062</ymax>
		</bndbox>
	</object>
	<object>
		<name>fusarium</name>
		<pose>Unspecified</pose>
		<truncated>0</truncated>
		<difficult>0</difficult>
		<bndbox>
			<xmin>1402</xmin>
			<ymin>2069</ymin>
			<xmax>1433</xmax>
			<ymax>2129</ymax>
		</bndbox>
	</object>
	<object>
		<name>fusarium</name>
		<pose>Unspecified</pose>
		<truncated>0</truncated>
		<difficult>0</difficult>
		<bndbox>
			<xmin>1396</xmin>
			<ymin>1942</ymin>
			<xmax>1455</xmax>
			<ymax>2114</ymax>
		</bndbox>
	</object>
	<object>
		<name>fusarium</name>
		<pose>Unspecified</pose>
		<truncated>0</truncated>
		<difficult>0</difficult>
		<bndbox>
			<xmin>1535</xmin>
			<ymin>2010</ymin>
			<xmax>1579</xmax>
			<ymax>2047</ymax>
		</bndbox>
	</object>
	<object>
		<name>fusarium</name>
		<pose>Unspecified</pose>
		<truncated>0</truncated>
		<difficult>0</difficult>
		<bndbox>
			<xmin>1401</xmin>
			<ymin>1867</ymin>
			<xmax>1455</xmax>
			<ymax>1892</ymax>
		</bndbox>
	</object>
	<object>
		<name>fusarium</name>
		<pose>Unspecified</pose>
		<truncated>0</truncated>
		<difficult>0</difficult>
		<bndbox>
			<xmin>1463</xmin>
			<ymin>1854</ymin>
			<xmax>1541</xmax>
			<ymax>1888</ymax>
		</bndbox>
	</object>
	<object>
		<name>fusarium</name>
		<pose>Unspecified</pose>
		<truncated>0</truncated>
		<difficult>0</difficult>
		<bndbox>
			<xmin>1369</xmin>
			<ymin>2104</ymin>
			<xmax>1483</xmax>
			<ymax>2183</ymax>
		</bndbox>
	</object>
	<object>
		<name>fusarium</name>
		<pose>Unspecified</pose>
		<truncated>0</truncated>
		<difficult>0</difficult>
		<bndbox>
			<xmin>1482</xmin>
			<ymin>2102</ymin>
			<xmax>1542</xmax>
			<ymax>2121</ymax>
		</bndbox>
	</object>
	<object>
		<name>fusarium</name>
		<pose>Unspecified</pose>
		<truncated>0</truncated>
		<difficult>0</difficult>
		<bndbox>
			<xmin>1665</xmin>
			<ymin>2048</ymin>
			<xmax>1789</xmax>
			<ymax>2168</ymax>
		</bndbox>
	</object>
	<object>
		<name>fusarium</name>
		<pose>Unspecified</pose>
		<truncated>0</truncated>
		<difficult>0</difficult>
		<bndbox>
			<xmin>560</xmin>
			<ymin>2019</ymin>
			<xmax>605</xmax>
			<ymax>2108</ymax>
		</bndbox>
	</object>
	<object>
		<name>fusarium</name>
		<pose>Unspecified</pose>
		<truncated>0</truncated>
		<difficult>0</difficult>
		<bndbox>
			<xmin>629</xmin>
			<ymin>1909</ymin>
			<xmax>662</xmax>
			<ymax>1972</ymax>
		</bndbox>
	</object>
	<object>
		<name>fusarium</name>
		<pose>Unspecified</pose>
		<truncated>0</truncated>
		<difficult>0</difficult>
		<bndbox>
			<xmin>784</xmin>
			<ymin>1924</ymin>
			<xmax>810</xmax>
			<ymax>1977</ymax>
		</bndbox>
	</object>
	<object>
		<name>fusarium</name>
		<pose>Unspecified</pose>
		<truncated>1</truncated>
		<difficult>0</difficult>
		<bndbox>
			<xmin>2696</xmin>
			<ymin>1300</ymin>
			<xmax>2748</xmax>
			<ymax>1346</ymax>
		</bndbox>
	</object>
	<object>
		<name>fusarium</name>
		<pose>Unspecified</pose>
		<truncated>1</truncated>
		<difficult>0</difficult>
		<bndbox>
			<xmin>2693</xmin>
			<ymin>1155</ymin>
			<xmax>2748</xmax>
			<ymax>1199</ymax>
		</bndbox>
	</object>
	<object>
		<name>fusarium</name>
		<pose>Unspecified</pose>
		<truncated>0</truncated>
		<difficult>0</difficult>
		<bndbox>
			<xmin>2596</xmin>
			<ymin>1143</ymin>
			<xmax>2651</xmax>
			<ymax>1206</ymax>
		</bndbox>
	</object>
	<object>
		<name>fusarium</name>
		<pose>Unspecified</pose>
		<truncated>1</truncated>
		<difficult>0</difficult>
		<bndbox>
			<xmin>2714</xmin>
			<ymin>1115</ymin>
			<xmax>2748</xmax>
			<ymax>1154</ymax>
		</bndbox>
	</object>
	<object>
		<name>fusarium</name>
		<pose>Unspecified</pose>
		<truncated>0</truncated>
		<difficult>0</difficult>
		<bndbox>
			<xmin>2369</xmin>
			<ymin>864</ymin>
			<xmax>2468</xmax>
			<ymax>1020</ymax>
		</bndbox>
	</object>
	<object>
		<name>fusarium</name>
		<pose>Unspecified</pose>
		<truncated>0</truncated>
		<difficult>0</difficult>
		<bndbox>
			<xmin>2342</xmin>
			<ymin>771</ymin>
			<xmax>2380</xmax>
			<ymax>877</ymax>
		</bndbox>
	</object>
	<object>
		<name>fusarium</name>
		<pose>Unspecified</pose>
		<truncated>0</truncated>
		<difficult>0</difficult>
		<bndbox>
			<xmin>1712</xmin>
			<ymin>581</ymin>
			<xmax>1819</xmax>
			<ymax>627</ymax>
		</bndbox>
	</object>
	<object>
		<name>fusarium</name>
		<pose>Unspecified</pose>
		<truncated>0</truncated>
		<difficult>0</difficult>
		<bndbox>
			<xmin>1727</xmin>
			<ymin>498</ymin>
			<xmax>1757</xmax>
			<ymax>553</ymax>
		</bndbox>
	</object>
	<object>
		<name>fusarium</name>
		<pose>Unspecified</pose>
		<truncated>0</truncated>
		<difficult>0</difficult>
		<bndbox>
			<xmin>1327</xmin>
			<ymin>454</ymin>
			<xmax>1373</xmax>
			<ymax>488</ymax>
		</bndbox>
	</object>
	<object>
		<name>fusarium</name>
		<pose>Unspecified</pose>
		<truncated>0</truncated>
		<difficult>0</difficult>
		<bndbox>
			<xmin>1262</xmin>
			<ymin>365</ymin>
			<xmax>1304</xmax>
			<ymax>439</ymax>
		</bndbox>
	</object>
	<object>
		<name>fusarium</name>
		<pose>Unspecified</pose>
		<truncated>0</truncated>
		<difficult>0</difficult>
		<bndbox>
			<xmin>1306</xmin>
			<ymin>277</ymin>
			<xmax>1347</xmax>
			<ymax>314</ymax>
		</bndbox>
	</object>
	<object>
		<name>fusarium</name>
		<pose>Unspecified</pose>
		<truncated>0</truncated>
		<difficult>0</difficult>
		<bndbox>
			<xmin>1349</xmin>
			<ymin>307</ymin>
			<xmax>1395</xmax>
			<ymax>343</ymax>
		</bndbox>
	</object>
	<object>
		<name>fusarium</name>
		<pose>Unspecified</pose>
		<truncated>0</truncated>
		<difficult>0</difficult>
		<bndbox>
			<xmin>1627</xmin>
			<ymin>327</ymin>
			<xmax>1663</xmax>
			<ymax>370</ymax>
		</bndbox>
	</object>
	<object>
		<name>fusarium</name>
		<pose>Unspecified</pose>
		<truncated>0</truncated>
		<difficult>0</difficult>
		<bndbox>
			<xmin>1698</xmin>
			<ymin>302</ymin>
			<xmax>1806</xmax>
			<ymax>355</ymax>
		</bndbox>
	</object>
	<object>
		<name>fusarium</name>
		<pose>Unspecified</pose>
		<truncated>0</truncated>
		<difficult>0</difficult>
		<bndbox>
			<xmin>1774</xmin>
			<ymin>405</ymin>
			<xmax>1856</xmax>
			<ymax>430</ymax>
		</bndbox>
	</object>
	<object>
		<name>fusarium</name>
		<pose>Unspecified</pose>
		<truncated>0</truncated>
		<difficult>0</difficult>
		<bndbox>
			<xmin>1880</xmin>
			<ymin>409</ymin>
			<xmax>1930</xmax>
			<ymax>428</ymax>
		</bndbox>
	</object>
	<object>
		<name>fusarium</name>
		<pose>Unspecified</pose>
		<truncated>0</truncated>
		<difficult>0</difficult>
		<bndbox>
			<xmin>1882</xmin>
			<ymin>404</ymin>
			<xmax>2028</xmax>
			<ymax>497</ymax>
		</bndbox>
	</object>
	<object>
		<name>fusarium</name>
		<pose>Unspecified</pose>
		<truncated>0</truncated>
		<difficult>0</difficult>
		<bndbox>
			<xmin>2162</xmin>
			<ymin>407</ymin>
			<xmax>2219</xmax>
			<ymax>547</ymax>
		</bndbox>
	</object>
	<object>
		<name>fusarium</name>
		<pose>Unspecified</pose>
		<truncated>0</truncated>
		<difficult>0</difficult>
		<bndbox>
			<xmin>2200</xmin>
			<ymin>431</ymin>
			<xmax>2249</xmax>
			<ymax>456</ymax>
		</bndbox>
	</object>
	<object>
		<name>fusarium</name>
		<pose>Unspecified</pose>
		<truncated>0</truncated>
		<difficult>0</difficult>
		<bndbox>
			<xmin>2101</xmin>
			<ymin>354</ymin>
			<xmax>2135</xmax>
			<ymax>420</ymax>
		</bndbox>
	</object>
	<object>
		<name>fusarium</name>
		<pose>Unspecified</pose>
		<truncated>0</truncated>
		<difficult>0</difficult>
		<bndbox>
			<xmin>2133</xmin>
			<ymin>244</ymin>
			<xmax>2184</xmax>
			<ymax>359</ymax>
		</bndbox>
	</object>
	<object>
		<name>fusarium</name>
		<pose>Unspecified</pose>
		<truncated>0</truncated>
		<difficult>0</difficult>
		<bndbox>
			<xmin>2050</xmin>
			<ymin>597</ymin>
			<xmax>2123</xmax>
			<ymax>777</ymax>
		</bndbox>
	</object>
	<object>
		<name>fusarium</name>
		<pose>Unspecified</pose>
		<truncated>0</truncated>
		<difficult>0</difficult>
		<bndbox>
			<xmin>2134</xmin>
			<ymin>734</ymin>
			<xmax>2157</xmax>
			<ymax>780</ymax>
		</bndbox>
	</object>
	<object>
		<name>fusarium</name>
		<pose>Unspecified</pose>
		<truncated>0</truncated>
		<difficult>0</difficult>
		<bndbox>
			<xmin>2147</xmin>
			<ymin>719</ymin>
			<xmax>2213</xmax>
			<ymax>746</ymax>
		</bndbox>
	</object>
	<object>
		<name>fusarium</name>
		<pose>Unspecified</pose>
		<truncated>0</truncated>
		<difficult>0</difficult>
		<bndbox>
			<xmin>2164</xmin>
			<ymin>744</ymin>
			<xmax>2191</xmax>
			<ymax>795</ymax>
		</bndbox>
	</object>
	<object>
		<name>fusarium</name>
		<pose>Unspecified</pose>
		<truncated>0</truncated>
		<difficult>0</difficult>
		<bndbox>
			<xmin>2303</xmin>
			<ymin>619</ymin>
			<xmax>2332</xmax>
			<ymax>643</ymax>
		</bndbox>
	</object>
	<object>
		<name>fusarium</name>
		<pose>Unspecified</pose>
		<truncated>0</truncated>
		<difficult>0</difficult>
		<bndbox>
			<xmin>2164</xmin>
			<ymin>567</ymin>
			<xmax>2239</xmax>
			<ymax>625</ymax>
		</bndbox>
	</object>
	<object>
		<name>fusarium</name>
		<pose>Unspecified</pose>
		<truncated>0</truncated>
		<difficult>0</difficult>
		<bndbox>
			<xmin>2362</xmin>
			<ymin>300</ymin>
			<xmax>2385</xmax>
			<ymax>341</ymax>
		</bndbox>
	</object>
	<object>
		<name>fusarium</name>
		<pose>Unspecified</pose>
		<truncated>0</truncated>
		<difficult>0</difficult>
		<bndbox>
			<xmin>2402</xmin>
			<ymin>235</ymin>
			<xmax>2436</xmax>
			<ymax>316</ymax>
		</bndbox>
	</object>
	<object>
		<name>fusarium</name>
		<pose>Unspecified</pose>
		<truncated>0</truncated>
		<difficult>0</difficult>
		<bndbox>
			<xmin>1799</xmin>
			<ymin>150</ymin>
			<xmax>1845</xmax>
			<ymax>181</ymax>
		</bndbox>
	</object>
	<object>
		<name>fusarium</name>
		<pose>Unspecified</pose>
		<truncated>0</truncated>
		<difficult>0</difficult>
		<bndbox>
			<xmin>1640</xmin>
			<ymin>149</ymin>
			<xmax>1702</xmax>
			<ymax>178</ymax>
		</bndbox>
	</object>
	<object>
		<name>fusarium</name>
		<pose>Unspecified</pose>
		<truncated>0</truncated>
		<difficult>0</difficult>
		<bndbox>
			<xmin>1659</xmin>
			<ymin>109</ymin>
			<xmax>1717</xmax>
			<ymax>132</ymax>
		</bndbox>
	</object>
	<object>
		<name>fusarium</name>
		<pose>Unspecified</pose>
		<truncated>0</truncated>
		<difficult>0</difficult>
		<bndbox>
			<xmin>1835</xmin>
			<ymin>10</ymin>
			<xmax>1887</xmax>
			<ymax>42</ymax>
		</bndbox>
	</object>
	<object>
		<name>fusarium</name>
		<pose>Unspecified</pose>
		<truncated>0</truncated>
		<difficult>0</difficult>
		<bndbox>
			<xmin>1889</xmin>
			<ymin>45</ymin>
			<xmax>1943</xmax>
			<ymax>81</ymax>
		</bndbox>
	</object>
	<object>
		<name>fusarium</name>
		<pose>Unspecified</pose>
		<truncated>1</truncated>
		<difficult>0</difficult>
		<bndbox>
			<xmin>2055</xmin>
			<ymin>1</ymin>
			<xmax>2149</xmax>
			<ymax>88</ymax>
		</bndbox>
	</object>
	<object>
		<name>fusarium</name>
		<pose>Unspecified</pose>
		<truncated>0</truncated>
		<difficult>0</difficult>
		<bndbox>
			<xmin>2229</xmin>
			<ymin>5</ymin>
			<xmax>2318</xmax>
			<ymax>77</ymax>
		</bndbox>
	</object>
	<object>
		<name>fusarium</name>
		<pose>Unspecified</pose>
		<truncated>0</truncated>
		<difficult>0</difficult>
		<bndbox>
			<xmin>2263</xmin>
			<ymin>6</ymin>
			<xmax>2367</xmax>
			<ymax>59</ymax>
		</bndbox>
	</object>
	<object>
		<name>fusarium</name>
		<pose>Unspecified</pose>
		<truncated>1</truncated>
		<difficult>0</difficult>
		<bndbox>
			<xmin>2336</xmin>
			<ymin>1</ymin>
			<xmax>2366</xmax>
			<ymax>36</ymax>
		</bndbox>
	</object>
	<object>
		<name>fusarium</name>
		<pose>Unspecified</pose>
		<truncated>0</truncated>
		<difficult>0</difficult>
		<bndbox>
			<xmin>1168</xmin>
			<ymin>186</ymin>
			<xmax>1210</xmax>
			<ymax>210</ymax>
		</bndbox>
	</object>
	<object>
		<name>fusarium</name>
		<pose>Unspecified</pose>
		<truncated>0</truncated>
		<difficult>0</difficult>
		<bndbox>
			<xmin>924</xmin>
			<ymin>237</ymin>
			<xmax>1007</xmax>
			<ymax>274</ymax>
		</bndbox>
	</object>
	<object>
		<name>fusarium</name>
		<pose>Unspecified</pose>
		<truncated>0</truncated>
		<difficult>0</difficult>
		<bndbox>
			<xmin>848</xmin>
			<ymin>250</ymin>
			<xmax>884</xmax>
			<ymax>300</ymax>
		</bndbox>
	</object>
	<object>
		<name>fusarium</name>
		<pose>Unspecified</pose>
		<truncated>0</truncated>
		<difficult>0</difficult>
		<bndbox>
			<xmin>881</xmin>
			<ymin>120</ymin>
			<xmax>966</xmax>
			<ymax>220</ymax>
		</bndbox>
	</object>
	<object>
		<name>fusarium</name>
		<pose>Unspecified</pose>
		<truncated>0</truncated>
		<difficult>0</difficult>
		<bndbox>
			<xmin>1121</xmin>
			<ymin>118</ymin>
			<xmax>1159</xmax>
			<ymax>163</ymax>
		</bndbox>
	</object>
	<object>
		<name>fusarium</name>
		<pose>Unspecified</pose>
		<truncated>1</truncated>
		<difficult>0</difficult>
		<bndbox>
			<xmin>1156</xmin>
			<ymin>1</ymin>
			<xmax>1240</xmax>
			<ymax>50</ymax>
		</bndbox>
	</object>
	<object>
		<name>fusarium</name>
		<pose>Unspecified</pose>
		<truncated>1</truncated>
		<difficult>0</difficult>
		<bndbox>
			<xmin>1293</xmin>
			<ymin>1</ymin>
			<xmax>1390</xmax>
			<ymax>34</ymax>
		</bndbox>
	</object>
	<object>
		<name>fusarium</name>
		<pose>Unspecified</pose>
		<truncated>0</truncated>
		<difficult>0</difficult>
		<bndbox>
			<xmin>1263</xmin>
			<ymin>95</ymin>
			<xmax>1400</xmax>
			<ymax>156</ymax>
		</bndbox>
	</object>
	<object>
		<name>fusarium</name>
		<pose>Unspecified</pose>
		<truncated>0</truncated>
		<difficult>0</difficult>
		<bndbox>
			<xmin>1399</xmin>
			<ymin>154</ymin>
			<xmax>1490</xmax>
			<ymax>188</ymax>
		</bndbox>
	</object>
	<object>
		<name>fusarium</name>
		<pose>Unspecified</pose>
		<truncated>0</truncated>
		<difficult>0</difficult>
		<bndbox>
			<xmin>1511</xmin>
			<ymin>147</ymin>
			<xmax>1537</xmax>
			<ymax>199</ymax>
		</bndbox>
	</object>
	<object>
		<name>fusarium</name>
		<pose>Unspecified</pose>
		<truncated>0</truncated>
		<difficult>0</difficult>
		<bndbox>
			<xmin>1449</xmin>
			<ymin>82</ymin>
			<xmax>1506</xmax>
			<ymax>116</ymax>
		</bndbox>
	</object>
	<object>
		<name>fusarium</name>
		<pose>Unspecified</pose>
		<truncated>0</truncated>
		<difficult>0</difficult>
		<bndbox>
			<xmin>1442</xmin>
			<ymin>51</ymin>
			<xmax>1546</xmax>
			<ymax>160</ymax>
		</bndbox>
	</object>
	<object>
		<name>fusarium</name>
		<pose>Unspecified</pose>
		<truncated>1</truncated>
		<difficult>0</difficult>
		<bndbox>
			<xmin>1</xmin>
			<ymin>26</ymin>
			<xmax>42</xmax>
			<ymax>58</ymax>
		</bndbox>
	</object>
	<object>
		<name>fusarium</name>
		<pose>Unspecified</pose>
		<truncated>0</truncated>
		<difficult>0</difficult>
		<bndbox>
			<xmin>181</xmin>
			<ymin>233</ymin>
			<xmax>262</xmax>
			<ymax>359</ymax>
		</bndbox>
	</object>
	<object>
		<name>fusarium</name>
		<pose>Unspecified</pose>
		<truncated>0</truncated>
		<difficult>0</difficult>
		<bndbox>
			<xmin>54</xmin>
			<ymin>119</ymin>
			<xmax>103</xmax>
			<ymax>145</ymax>
		</bndbox>
	</object>
	<object>
		<name>fusarium</name>
		<pose>Unspecified</pose>
		<truncated>0</truncated>
		<difficult>0</difficult>
		<bndbox>
			<xmin>228</xmin>
			<ymin>116</ymin>
			<xmax>294</xmax>
			<ymax>159</ymax>
		</bndbox>
	</object>
	<object>
		<name>fusarium</name>
		<pose>Unspecified</pose>
		<truncated>0</truncated>
		<difficult>0</difficult>
		<bndbox>
			<xmin>227</xmin>
			<ymin>7</ymin>
			<xmax>293</xmax>
			<ymax>110</ymax>
		</bndbox>
	</object>
	<object>
		<name>fusarium</name>
		<pose>Unspecified</pose>
		<truncated>1</truncated>
		<difficult>0</difficult>
		<bndbox>
			<xmin>531</xmin>
			<ymin>1</ymin>
			<xmax>575</xmax>
			<ymax>15</ymax>
		</bndbox>
	</object>
	<object>
		<name>fusarium</name>
		<pose>Unspecified</pose>
		<truncated>0</truncated>
		<difficult>0</difficult>
		<bndbox>
			<xmin>481</xmin>
			<ymin>59</ymin>
			<xmax>538</xmax>
			<ymax>152</ymax>
		</bndbox>
	</object>
	<object>
		<name>fusarium</name>
		<pose>Unspecified</pose>
		<truncated>0</truncated>
		<difficult>0</difficult>
		<bndbox>
			<xmin>532</xmin>
			<ymin>211</ymin>
			<xmax>590</xmax>
			<ymax>241</ymax>
		</bndbox>
	</object>
	<object>
		<name>fusarium</name>
		<pose>Unspecified</pose>
		<truncated>0</truncated>
		<difficult>0</difficult>
		<bndbox>
			<xmin>358</xmin>
			<ymin>240</ymin>
			<xmax>413</xmax>
			<ymax>273</ymax>
		</bndbox>
	</object>
	<object>
		<name>fusarium</name>
		<pose>Unspecified</pose>
		<truncated>0</truncated>
		<difficult>0</difficult>
		<bndbox>
			<xmin>220</xmin>
			<ymin>226</ymin>
			<xmax>300</xmax>
			<ymax>264</ymax>
		</bndbox>
	</object>
	<object>
		<name>fusarium</name>
		<pose>Unspecified</pose>
		<truncated>0</truncated>
		<difficult>0</difficult>
		<bndbox>
			<xmin>273</xmin>
			<ymin>181</ymin>
			<xmax>441</xmax>
			<ymax>226</ymax>
		</bndbox>
	</object>
	<object>
		<name>fusarium</name>
		<pose>Unspecified</pose>
		<truncated>0</truncated>
		<difficult>0</difficult>
		<bndbox>
			<xmin>2615</xmin>
			<ymin>1005</ymin>
			<xmax>2662</xmax>
			<ymax>1048</ymax>
		</bndbox>
	</object>
	<object>
		<name>fusarium</name>
		<pose>Unspecified</pose>
		<truncated>0</truncated>
		<difficult>0</difficult>
		<bndbox>
			<xmin>2498</xmin>
			<ymin>947</ymin>
			<xmax>2570</xmax>
			<ymax>1024</ymax>
		</bndbox>
	</object>
	<object>
		<name>fusarium</name>
		<pose>Unspecified</pose>
		<truncated>0</truncated>
		<difficult>0</difficult>
		<bndbox>
			<xmin>2506</xmin>
			<ymin>769</ymin>
			<xmax>2535</xmax>
			<ymax>817</ymax>
		</bndbox>
	</object>
	<object>
		<name>fusarium</name>
		<pose>Unspecified</pose>
		<truncated>1</truncated>
		<difficult>0</difficult>
		<bndbox>
			<xmin>2692</xmin>
			<ymin>848</ymin>
			<xmax>2748</xmax>
			<ymax>886</ymax>
		</bndbox>
	</object>
	<object>
		<name>fusarium</name>
		<pose>Unspecified</pose>
		<truncated>0</truncated>
		<difficult>0</difficult>
		<bndbox>
			<xmin>2692</xmin>
			<ymin>522</ymin>
			<xmax>2747</xmax>
			<ymax>589</ymax>
		</bndbox>
	</object>
	<object>
		<name>fusarium</name>
		<pose>Unspecified</pose>
		<truncated>0</truncated>
		<difficult>0</difficult>
		<bndbox>
			<xmin>2553</xmin>
			<ymin>302</ymin>
			<xmax>2581</xmax>
			<ymax>350</ymax>
		</bndbox>
	</object>
	<object>
		<name>fusarium</name>
		<pose>Unspecified</pose>
		<truncated>0</truncated>
		<difficult>0</difficult>
		<bndbox>
			<xmin>2461</xmin>
			<ymin>109</ymin>
			<xmax>2502</xmax>
			<ymax>153</ymax>
		</bndbox>
	</object>
	<object>
		<name>fusarium</name>
		<pose>Unspecified</pose>
		<truncated>0</truncated>
		<difficult>0</difficult>
		<bndbox>
			<xmin>2518</xmin>
			<ymin>175</ymin>
			<xmax>2602</xmax>
			<ymax>203</ymax>
		</bndbox>
	</object>
	<object>
		<name>fusarium</name>
		<pose>Unspecified</pose>
		<truncated>0</truncated>
		<difficult>0</difficult>
		<bndbox>
			<xmin>2532</xmin>
			<ymin>135</ymin>
			<xmax>2617</xmax>
			<ymax>188</ymax>
		</bndbox>
	</object>
	<object>
		<name>fusarium</name>
		<pose>Unspecified</pose>
		<truncated>0</truncated>
		<difficult>0</difficult>
		<bndbox>
			<xmin>2533</xmin>
			<ymin>119</ymin>
			<xmax>2597</xmax>
			<ymax>178</ymax>
		</bndbox>
	</object>
</annotation>
