<annotation>
	<folder>images</folder>
	<filename>475.jpg</filename>
	<path>H:\paper-2\spores\images\475.jpg</path>
	<source>
		<database>Unknown</database>
	</source>
	<size>
		<width>2748</width>
		<height>2200</height>
		<depth>3</depth>
	</size>
	<segmented>0</segmented>
	<object>
		<name>graymold</name>
		<pose>Unspecified</pose>
		<truncated>1</truncated>
		<difficult>0</difficult>
		<bndbox>
			<xmin>51</xmin>
			<ymin>2167</ymin>
			<xmax>95</xmax>
			<ymax>2200</ymax>
		</bndbox>
	</object>
	<object>
		<name>graymold</name>
		<pose>Unspecified</pose>
		<truncated>0</truncated>
		<difficult>0</difficult>
		<bndbox>
			<xmin>207</xmin>
			<ymin>2010</ymin>
			<xmax>256</xmax>
			<ymax>2056</ymax>
		</bndbox>
	</object>
	<object>
		<name>graymold</name>
		<pose>Unspecified</pose>
		<truncated>0</truncated>
		<difficult>0</difficult>
		<bndbox>
			<xmin>584</xmin>
			<ymin>2053</ymin>
			<xmax>635</xmax>
			<ymax>2101</ymax>
		</bndbox>
	</object>
	<object>
		<name>graymold</name>
		<pose>Unspecified</pose>
		<truncated>0</truncated>
		<difficult>0</difficult>
		<bndbox>
			<xmin>634</xmin>
			<ymin>2111</ymin>
			<xmax>675</xmax>
			<ymax>2172</ymax>
		</bndbox>
	</object>
	<object>
		<name>graymold</name>
		<pose>Unspecified</pose>
		<truncated>0</truncated>
		<difficult>0</difficult>
		<bndbox>
			<xmin>631</xmin>
			<ymin>1790</ymin>
			<xmax>685</xmax>
			<ymax>1840</ymax>
		</bndbox>
	</object>
	<object>
		<name>graymold</name>
		<pose>Unspecified</pose>
		<truncated>0</truncated>
		<difficult>0</difficult>
		<bndbox>
			<xmin>820</xmin>
			<ymin>1762</ymin>
			<xmax>912</xmax>
			<ymax>1817</ymax>
		</bndbox>
	</object>
	<object>
		<name>graymold</name>
		<pose>Unspecified</pose>
		<truncated>0</truncated>
		<difficult>0</difficult>
		<bndbox>
			<xmin>138</xmin>
			<ymin>1689</ymin>
			<xmax>208</xmax>
			<ymax>1736</ymax>
		</bndbox>
	</object>
	<object>
		<name>graymold</name>
		<pose>Unspecified</pose>
		<truncated>0</truncated>
		<difficult>0</difficult>
		<bndbox>
			<xmin>235</xmin>
			<ymin>1697</ymin>
			<xmax>276</xmax>
			<ymax>1738</ymax>
		</bndbox>
	</object>
	<object>
		<name>graymold</name>
		<pose>Unspecified</pose>
		<truncated>0</truncated>
		<difficult>0</difficult>
		<bndbox>
			<xmin>37</xmin>
			<ymin>1557</ymin>
			<xmax>126</xmax>
			<ymax>1603</ymax>
		</bndbox>
	</object>
	<object>
		<name>graymold</name>
		<pose>Unspecified</pose>
		<truncated>0</truncated>
		<difficult>0</difficult>
		<bndbox>
			<xmin>41</xmin>
			<ymin>1596</ymin>
			<xmax>89</xmax>
			<ymax>1643</ymax>
		</bndbox>
	</object>
	<object>
		<name>graymold</name>
		<pose>Unspecified</pose>
		<truncated>0</truncated>
		<difficult>0</difficult>
		<bndbox>
			<xmin>109</xmin>
			<ymin>1601</ymin>
			<xmax>163</xmax>
			<ymax>1654</ymax>
		</bndbox>
	</object>
	<object>
		<name>graymold</name>
		<pose>Unspecified</pose>
		<truncated>0</truncated>
		<difficult>0</difficult>
		<bndbox>
			<xmin>158</xmin>
			<ymin>1615</ymin>
			<xmax>194</xmax>
			<ymax>1653</ymax>
		</bndbox>
	</object>
	<object>
		<name>graymold</name>
		<pose>Unspecified</pose>
		<truncated>0</truncated>
		<difficult>0</difficult>
		<bndbox>
			<xmin>192</xmin>
			<ymin>1601</ymin>
			<xmax>230</xmax>
			<ymax>1644</ymax>
		</bndbox>
	</object>
	<object>
		<name>graymold</name>
		<pose>Unspecified</pose>
		<truncated>0</truncated>
		<difficult>0</difficult>
		<bndbox>
			<xmin>192</xmin>
			<ymin>1640</ymin>
			<xmax>240</xmax>
			<ymax>1683</ymax>
		</bndbox>
	</object>
	<object>
		<name>graymold</name>
		<pose>Unspecified</pose>
		<truncated>0</truncated>
		<difficult>0</difficult>
		<bndbox>
			<xmin>122</xmin>
			<ymin>1567</ymin>
			<xmax>196</xmax>
			<ymax>1613</ymax>
		</bndbox>
	</object>
	<object>
		<name>graymold</name>
		<pose>Unspecified</pose>
		<truncated>0</truncated>
		<difficult>0</difficult>
		<bndbox>
			<xmin>362</xmin>
			<ymin>1565</ymin>
			<xmax>421</xmax>
			<ymax>1616</ymax>
		</bndbox>
	</object>
	<object>
		<name>graymold</name>
		<pose>Unspecified</pose>
		<truncated>0</truncated>
		<difficult>0</difficult>
		<bndbox>
			<xmin>564</xmin>
			<ymin>1635</ymin>
			<xmax>610</xmax>
			<ymax>1681</ymax>
		</bndbox>
	</object>
	<object>
		<name>graymold</name>
		<pose>Unspecified</pose>
		<truncated>0</truncated>
		<difficult>0</difficult>
		<bndbox>
			<xmin>535</xmin>
			<ymin>1412</ymin>
			<xmax>581</xmax>
			<ymax>1469</ymax>
		</bndbox>
	</object>
	<object>
		<name>graymold</name>
		<pose>Unspecified</pose>
		<truncated>0</truncated>
		<difficult>0</difficult>
		<bndbox>
			<xmin>709</xmin>
			<ymin>1607</ymin>
			<xmax>765</xmax>
			<ymax>1683</ymax>
		</bndbox>
	</object>
	<object>
		<name>graymold</name>
		<pose>Unspecified</pose>
		<truncated>0</truncated>
		<difficult>0</difficult>
		<bndbox>
			<xmin>713</xmin>
			<ymin>1488</ymin>
			<xmax>767</xmax>
			<ymax>1529</ymax>
		</bndbox>
	</object>
	<object>
		<name>graymold</name>
		<pose>Unspecified</pose>
		<truncated>0</truncated>
		<difficult>0</difficult>
		<bndbox>
			<xmin>765</xmin>
			<ymin>1549</ymin>
			<xmax>813</xmax>
			<ymax>1595</ymax>
		</bndbox>
	</object>
	<object>
		<name>graymold</name>
		<pose>Unspecified</pose>
		<truncated>0</truncated>
		<difficult>0</difficult>
		<bndbox>
			<xmin>815</xmin>
			<ymin>1547</ymin>
			<xmax>877</xmax>
			<ymax>1586</ymax>
		</bndbox>
	</object>
	<object>
		<name>graymold</name>
		<pose>Unspecified</pose>
		<truncated>0</truncated>
		<difficult>0</difficult>
		<bndbox>
			<xmin>783</xmin>
			<ymin>1324</ymin>
			<xmax>848</xmax>
			<ymax>1374</ymax>
		</bndbox>
	</object>
	<object>
		<name>graymold</name>
		<pose>Unspecified</pose>
		<truncated>0</truncated>
		<difficult>0</difficult>
		<bndbox>
			<xmin>805</xmin>
			<ymin>1133</ymin>
			<xmax>852</xmax>
			<ymax>1188</ymax>
		</bndbox>
	</object>
	<object>
		<name>graymold</name>
		<pose>Unspecified</pose>
		<truncated>0</truncated>
		<difficult>0</difficult>
		<bndbox>
			<xmin>572</xmin>
			<ymin>1197</ymin>
			<xmax>649</xmax>
			<ymax>1274</ymax>
		</bndbox>
	</object>
	<object>
		<name>graymold</name>
		<pose>Unspecified</pose>
		<truncated>0</truncated>
		<difficult>0</difficult>
		<bndbox>
			<xmin>465</xmin>
			<ymin>1283</ymin>
			<xmax>535</xmax>
			<ymax>1339</ymax>
		</bndbox>
	</object>
	<object>
		<name>graymold</name>
		<pose>Unspecified</pose>
		<truncated>0</truncated>
		<difficult>0</difficult>
		<bndbox>
			<xmin>509</xmin>
			<ymin>1251</ymin>
			<xmax>550</xmax>
			<ymax>1304</ymax>
		</bndbox>
	</object>
	<object>
		<name>graymold</name>
		<pose>Unspecified</pose>
		<truncated>0</truncated>
		<difficult>0</difficult>
		<bndbox>
			<xmin>681</xmin>
			<ymin>1074</ymin>
			<xmax>746</xmax>
			<ymax>1134</ymax>
		</bndbox>
	</object>
	<object>
		<name>graymold</name>
		<pose>Unspecified</pose>
		<truncated>0</truncated>
		<difficult>0</difficult>
		<bndbox>
			<xmin>483</xmin>
			<ymin>1003</ymin>
			<xmax>553</xmax>
			<ymax>1102</ymax>
		</bndbox>
	</object>
	<object>
		<name>graymold</name>
		<pose>Unspecified</pose>
		<truncated>0</truncated>
		<difficult>0</difficult>
		<bndbox>
			<xmin>374</xmin>
			<ymin>1247</ymin>
			<xmax>424</xmax>
			<ymax>1297</ymax>
		</bndbox>
	</object>
	<object>
		<name>graymold</name>
		<pose>Unspecified</pose>
		<truncated>0</truncated>
		<difficult>0</difficult>
		<bndbox>
			<xmin>301</xmin>
			<ymin>1316</ymin>
			<xmax>338</xmax>
			<ymax>1358</ymax>
		</bndbox>
	</object>
	<object>
		<name>graymold</name>
		<pose>Unspecified</pose>
		<truncated>0</truncated>
		<difficult>0</difficult>
		<bndbox>
			<xmin>94</xmin>
			<ymin>1310</ymin>
			<xmax>143</xmax>
			<ymax>1348</ymax>
		</bndbox>
	</object>
	<object>
		<name>graymold</name>
		<pose>Unspecified</pose>
		<truncated>0</truncated>
		<difficult>0</difficult>
		<bndbox>
			<xmin>147</xmin>
			<ymin>1412</ymin>
			<xmax>187</xmax>
			<ymax>1455</ymax>
		</bndbox>
	</object>
	<object>
		<name>graymold</name>
		<pose>Unspecified</pose>
		<truncated>0</truncated>
		<difficult>0</difficult>
		<bndbox>
			<xmin>183</xmin>
			<ymin>1426</ymin>
			<xmax>235</xmax>
			<ymax>1485</ymax>
		</bndbox>
	</object>
	<object>
		<name>graymold</name>
		<pose>Unspecified</pose>
		<truncated>0</truncated>
		<difficult>0</difficult>
		<bndbox>
			<xmin>242</xmin>
			<ymin>1454</ymin>
			<xmax>288</xmax>
			<ymax>1500</ymax>
		</bndbox>
	</object>
	<object>
		<name>graymold</name>
		<pose>Unspecified</pose>
		<truncated>0</truncated>
		<difficult>0</difficult>
		<bndbox>
			<xmin>188</xmin>
			<ymin>1351</ymin>
			<xmax>231</xmax>
			<ymax>1423</ymax>
		</bndbox>
	</object>
	<object>
		<name>graymold</name>
		<pose>Unspecified</pose>
		<truncated>0</truncated>
		<difficult>0</difficult>
		<bndbox>
			<xmin>202</xmin>
			<ymin>1190</ymin>
			<xmax>249</xmax>
			<ymax>1265</ymax>
		</bndbox>
	</object>
	<object>
		<name>graymold</name>
		<pose>Unspecified</pose>
		<truncated>0</truncated>
		<difficult>0</difficult>
		<bndbox>
			<xmin>148</xmin>
			<ymin>1158</ymin>
			<xmax>197</xmax>
			<ymax>1222</ymax>
		</bndbox>
	</object>
	<object>
		<name>graymold</name>
		<pose>Unspecified</pose>
		<truncated>0</truncated>
		<difficult>0</difficult>
		<bndbox>
			<xmin>168</xmin>
			<ymin>1140</ymin>
			<xmax>241</xmax>
			<ymax>1195</ymax>
		</bndbox>
	</object>
	<object>
		<name>graymold</name>
		<pose>Unspecified</pose>
		<truncated>0</truncated>
		<difficult>0</difficult>
		<bndbox>
			<xmin>313</xmin>
			<ymin>1122</ymin>
			<xmax>392</xmax>
			<ymax>1179</ymax>
		</bndbox>
	</object>
	<object>
		<name>graymold</name>
		<pose>Unspecified</pose>
		<truncated>0</truncated>
		<difficult>0</difficult>
		<bndbox>
			<xmin>378</xmin>
			<ymin>1078</ymin>
			<xmax>434</xmax>
			<ymax>1157</ymax>
		</bndbox>
	</object>
	<object>
		<name>graymold</name>
		<pose>Unspecified</pose>
		<truncated>0</truncated>
		<difficult>0</difficult>
		<bndbox>
			<xmin>314</xmin>
			<ymin>1188</ymin>
			<xmax>365</xmax>
			<ymax>1251</ymax>
		</bndbox>
	</object>
	<object>
		<name>graymold</name>
		<pose>Unspecified</pose>
		<truncated>0</truncated>
		<difficult>0</difficult>
		<bndbox>
			<xmin>342</xmin>
			<ymin>970</ymin>
			<xmax>415</xmax>
			<ymax>1040</ymax>
		</bndbox>
	</object>
	<object>
		<name>graymold</name>
		<pose>Unspecified</pose>
		<truncated>0</truncated>
		<difficult>0</difficult>
		<bndbox>
			<xmin>423</xmin>
			<ymin>953</ymin>
			<xmax>464</xmax>
			<ymax>998</ymax>
		</bndbox>
	</object>
	<object>
		<name>graymold</name>
		<pose>Unspecified</pose>
		<truncated>0</truncated>
		<difficult>0</difficult>
		<bndbox>
			<xmin>495</xmin>
			<ymin>903</ymin>
			<xmax>556</xmax>
			<ymax>936</ymax>
		</bndbox>
	</object>
	<object>
		<name>graymold</name>
		<pose>Unspecified</pose>
		<truncated>0</truncated>
		<difficult>0</difficult>
		<bndbox>
			<xmin>603</xmin>
			<ymin>931</ymin>
			<xmax>653</xmax>
			<ymax>986</ymax>
		</bndbox>
	</object>
	<object>
		<name>graymold</name>
		<pose>Unspecified</pose>
		<truncated>0</truncated>
		<difficult>0</difficult>
		<bndbox>
			<xmin>722</xmin>
			<ymin>963</ymin>
			<xmax>772</xmax>
			<ymax>1006</ymax>
		</bndbox>
	</object>
	<object>
		<name>graymold</name>
		<pose>Unspecified</pose>
		<truncated>0</truncated>
		<difficult>0</difficult>
		<bndbox>
			<xmin>799</xmin>
			<ymin>985</ymin>
			<xmax>872</xmax>
			<ymax>1047</ymax>
		</bndbox>
	</object>
	<object>
		<name>graymold</name>
		<pose>Unspecified</pose>
		<truncated>0</truncated>
		<difficult>0</difficult>
		<bndbox>
			<xmin>865</xmin>
			<ymin>969</ymin>
			<xmax>906</xmax>
			<ymax>1020</ymax>
		</bndbox>
	</object>
	<object>
		<name>graymold</name>
		<pose>Unspecified</pose>
		<truncated>0</truncated>
		<difficult>0</difficult>
		<bndbox>
			<xmin>1002</xmin>
			<ymin>778</ymin>
			<xmax>1050</xmax>
			<ymax>831</ymax>
		</bndbox>
	</object>
	<object>
		<name>graymold</name>
		<pose>Unspecified</pose>
		<truncated>0</truncated>
		<difficult>0</difficult>
		<bndbox>
			<xmin>1077</xmin>
			<ymin>908</ymin>
			<xmax>1123</xmax>
			<ymax>952</ymax>
		</bndbox>
	</object>
	<object>
		<name>graymold</name>
		<pose>Unspecified</pose>
		<truncated>0</truncated>
		<difficult>0</difficult>
		<bndbox>
			<xmin>1072</xmin>
			<ymin>948</ymin>
			<xmax>1128</xmax>
			<ymax>1008</ymax>
		</bndbox>
	</object>
	<object>
		<name>graymold</name>
		<pose>Unspecified</pose>
		<truncated>0</truncated>
		<difficult>0</difficult>
		<bndbox>
			<xmin>1141</xmin>
			<ymin>1075</ymin>
			<xmax>1180</xmax>
			<ymax>1118</ymax>
		</bndbox>
	</object>
	<object>
		<name>graymold</name>
		<pose>Unspecified</pose>
		<truncated>0</truncated>
		<difficult>0</difficult>
		<bndbox>
			<xmin>1125</xmin>
			<ymin>1174</ymin>
			<xmax>1169</xmax>
			<ymax>1237</ymax>
		</bndbox>
	</object>
	<object>
		<name>graymold</name>
		<pose>Unspecified</pose>
		<truncated>0</truncated>
		<difficult>0</difficult>
		<bndbox>
			<xmin>1213</xmin>
			<ymin>1253</ymin>
			<xmax>1264</xmax>
			<ymax>1322</ymax>
		</bndbox>
	</object>
	<object>
		<name>graymold</name>
		<pose>Unspecified</pose>
		<truncated>0</truncated>
		<difficult>0</difficult>
		<bndbox>
			<xmin>1265</xmin>
			<ymin>1182</ymin>
			<xmax>1328</xmax>
			<ymax>1222</ymax>
		</bndbox>
	</object>
	<object>
		<name>graymold</name>
		<pose>Unspecified</pose>
		<truncated>0</truncated>
		<difficult>0</difficult>
		<bndbox>
			<xmin>1399</xmin>
			<ymin>1281</ymin>
			<xmax>1450</xmax>
			<ymax>1344</ymax>
		</bndbox>
	</object>
	<object>
		<name>graymold</name>
		<pose>Unspecified</pose>
		<truncated>0</truncated>
		<difficult>0</difficult>
		<bndbox>
			<xmin>1388</xmin>
			<ymin>1085</ymin>
			<xmax>1435</xmax>
			<ymax>1147</ymax>
		</bndbox>
	</object>
	<object>
		<name>graymold</name>
		<pose>Unspecified</pose>
		<truncated>0</truncated>
		<difficult>0</difficult>
		<bndbox>
			<xmin>1224</xmin>
			<ymin>947</ymin>
			<xmax>1263</xmax>
			<ymax>1008</ymax>
		</bndbox>
	</object>
	<object>
		<name>graymold</name>
		<pose>Unspecified</pose>
		<truncated>0</truncated>
		<difficult>0</difficult>
		<bndbox>
			<xmin>1424</xmin>
			<ymin>818</ymin>
			<xmax>1480</xmax>
			<ymax>902</ymax>
		</bndbox>
	</object>
	<object>
		<name>graymold</name>
		<pose>Unspecified</pose>
		<truncated>0</truncated>
		<difficult>0</difficult>
		<bndbox>
			<xmin>1058</xmin>
			<ymin>632</ymin>
			<xmax>1097</xmax>
			<ymax>681</ymax>
		</bndbox>
	</object>
	<object>
		<name>graymold</name>
		<pose>Unspecified</pose>
		<truncated>0</truncated>
		<difficult>0</difficult>
		<bndbox>
			<xmin>1142</xmin>
			<ymin>582</ymin>
			<xmax>1188</xmax>
			<ymax>626</ymax>
		</bndbox>
	</object>
	<object>
		<name>graymold</name>
		<pose>Unspecified</pose>
		<truncated>0</truncated>
		<difficult>0</difficult>
		<bndbox>
			<xmin>1072</xmin>
			<ymin>500</ymin>
			<xmax>1108</xmax>
			<ymax>540</ymax>
		</bndbox>
	</object>
	<object>
		<name>graymold</name>
		<pose>Unspecified</pose>
		<truncated>0</truncated>
		<difficult>0</difficult>
		<bndbox>
			<xmin>921</xmin>
			<ymin>426</ymin>
			<xmax>972</xmax>
			<ymax>487</ymax>
		</bndbox>
	</object>
	<object>
		<name>graymold</name>
		<pose>Unspecified</pose>
		<truncated>0</truncated>
		<difficult>0</difficult>
		<bndbox>
			<xmin>932</xmin>
			<ymin>384</ymin>
			<xmax>980</xmax>
			<ymax>428</ymax>
		</bndbox>
	</object>
	<object>
		<name>graymold</name>
		<pose>Unspecified</pose>
		<truncated>0</truncated>
		<difficult>0</difficult>
		<bndbox>
			<xmin>855</xmin>
			<ymin>318</ymin>
			<xmax>906</xmax>
			<ymax>377</ymax>
		</bndbox>
	</object>
	<object>
		<name>graymold</name>
		<pose>Unspecified</pose>
		<truncated>0</truncated>
		<difficult>0</difficult>
		<bndbox>
			<xmin>905</xmin>
			<ymin>322</ymin>
			<xmax>944</xmax>
			<ymax>366</ymax>
		</bndbox>
	</object>
	<object>
		<name>graymold</name>
		<pose>Unspecified</pose>
		<truncated>0</truncated>
		<difficult>0</difficult>
		<bndbox>
			<xmin>752</xmin>
			<ymin>394</ymin>
			<xmax>831</xmax>
			<ymax>442</ymax>
		</bndbox>
	</object>
	<object>
		<name>graymold</name>
		<pose>Unspecified</pose>
		<truncated>0</truncated>
		<difficult>0</difficult>
		<bndbox>
			<xmin>860</xmin>
			<ymin>533</ymin>
			<xmax>917</xmax>
			<ymax>590</ymax>
		</bndbox>
	</object>
	<object>
		<name>graymold</name>
		<pose>Unspecified</pose>
		<truncated>0</truncated>
		<difficult>0</difficult>
		<bndbox>
			<xmin>839</xmin>
			<ymin>484</ymin>
			<xmax>888</xmax>
			<ymax>534</ymax>
		</bndbox>
	</object>
	<object>
		<name>graymold</name>
		<pose>Unspecified</pose>
		<truncated>0</truncated>
		<difficult>0</difficult>
		<bndbox>
			<xmin>792</xmin>
			<ymin>488</ymin>
			<xmax>840</xmax>
			<ymax>549</ymax>
		</bndbox>
	</object>
	<object>
		<name>graymold</name>
		<pose>Unspecified</pose>
		<truncated>0</truncated>
		<difficult>0</difficult>
		<bndbox>
			<xmin>813</xmin>
			<ymin>538</ymin>
			<xmax>858</xmax>
			<ymax>579</ymax>
		</bndbox>
	</object>
	<object>
		<name>graymold</name>
		<pose>Unspecified</pose>
		<truncated>0</truncated>
		<difficult>0</difficult>
		<bndbox>
			<xmin>801</xmin>
			<ymin>574</ymin>
			<xmax>881</xmax>
			<ymax>644</ymax>
		</bndbox>
	</object>
	<object>
		<name>graymold</name>
		<pose>Unspecified</pose>
		<truncated>0</truncated>
		<difficult>0</difficult>
		<bndbox>
			<xmin>706</xmin>
			<ymin>563</ymin>
			<xmax>768</xmax>
			<ymax>606</ymax>
		</bndbox>
	</object>
	<object>
		<name>graymold</name>
		<pose>Unspecified</pose>
		<truncated>0</truncated>
		<difficult>0</difficult>
		<bndbox>
			<xmin>724</xmin>
			<ymin>517</ymin>
			<xmax>798</xmax>
			<ymax>565</ymax>
		</bndbox>
	</object>
	<object>
		<name>graymold</name>
		<pose>Unspecified</pose>
		<truncated>0</truncated>
		<difficult>0</difficult>
		<bndbox>
			<xmin>760</xmin>
			<ymin>467</ymin>
			<xmax>797</xmax>
			<ymax>524</ymax>
		</bndbox>
	</object>
	<object>
		<name>graymold</name>
		<pose>Unspecified</pose>
		<truncated>0</truncated>
		<difficult>0</difficult>
		<bndbox>
			<xmin>722</xmin>
			<ymin>438</ymin>
			<xmax>771</xmax>
			<ymax>481</ymax>
		</bndbox>
	</object>
	<object>
		<name>graymold</name>
		<pose>Unspecified</pose>
		<truncated>0</truncated>
		<difficult>0</difficult>
		<bndbox>
			<xmin>690</xmin>
			<ymin>434</ymin>
			<xmax>727</xmax>
			<ymax>501</ymax>
		</bndbox>
	</object>
	<object>
		<name>graymold</name>
		<pose>Unspecified</pose>
		<truncated>0</truncated>
		<difficult>0</difficult>
		<bndbox>
			<xmin>672</xmin>
			<ymin>495</ymin>
			<xmax>742</xmax>
			<ymax>542</ymax>
		</bndbox>
	</object>
	<object>
		<name>graymold</name>
		<pose>Unspecified</pose>
		<truncated>0</truncated>
		<difficult>0</difficult>
		<bndbox>
			<xmin>531</xmin>
			<ymin>663</ymin>
			<xmax>606</xmax>
			<ymax>710</ymax>
		</bndbox>
	</object>
	<object>
		<name>graymold</name>
		<pose>Unspecified</pose>
		<truncated>0</truncated>
		<difficult>0</difficult>
		<bndbox>
			<xmin>486</xmin>
			<ymin>748</ymin>
			<xmax>535</xmax>
			<ymax>797</ymax>
		</bndbox>
	</object>
	<object>
		<name>graymold</name>
		<pose>Unspecified</pose>
		<truncated>0</truncated>
		<difficult>0</difficult>
		<bndbox>
			<xmin>481</xmin>
			<ymin>795</ymin>
			<xmax>527</xmax>
			<ymax>829</ymax>
		</bndbox>
	</object>
	<object>
		<name>graymold</name>
		<pose>Unspecified</pose>
		<truncated>0</truncated>
		<difficult>0</difficult>
		<bndbox>
			<xmin>363</xmin>
			<ymin>828</ymin>
			<xmax>439</xmax>
			<ymax>890</ymax>
		</bndbox>
	</object>
	<object>
		<name>graymold</name>
		<pose>Unspecified</pose>
		<truncated>0</truncated>
		<difficult>0</difficult>
		<bndbox>
			<xmin>342</xmin>
			<ymin>788</ymin>
			<xmax>420</xmax>
			<ymax>833</ymax>
		</bndbox>
	</object>
	<object>
		<name>graymold</name>
		<pose>Unspecified</pose>
		<truncated>0</truncated>
		<difficult>0</difficult>
		<bndbox>
			<xmin>319</xmin>
			<ymin>719</ymin>
			<xmax>362</xmax>
			<ymax>785</ymax>
		</bndbox>
	</object>
	<object>
		<name>graymold</name>
		<pose>Unspecified</pose>
		<truncated>0</truncated>
		<difficult>0</difficult>
		<bndbox>
			<xmin>281</xmin>
			<ymin>663</ymin>
			<xmax>324</xmax>
			<ymax>704</ymax>
		</bndbox>
	</object>
	<object>
		<name>graymold</name>
		<pose>Unspecified</pose>
		<truncated>0</truncated>
		<difficult>0</difficult>
		<bndbox>
			<xmin>272</xmin>
			<ymin>707</ymin>
			<xmax>327</xmax>
			<ymax>758</ymax>
		</bndbox>
	</object>
	<object>
		<name>graymold</name>
		<pose>Unspecified</pose>
		<truncated>0</truncated>
		<difficult>0</difficult>
		<bndbox>
			<xmin>227</xmin>
			<ymin>724</ymin>
			<xmax>277</xmax>
			<ymax>783</ymax>
		</bndbox>
	</object>
	<object>
		<name>graymold</name>
		<pose>Unspecified</pose>
		<truncated>0</truncated>
		<difficult>0</difficult>
		<bndbox>
			<xmin>272</xmin>
			<ymin>771</ymin>
			<xmax>331</xmax>
			<ymax>816</ymax>
		</bndbox>
	</object>
	<object>
		<name>graymold</name>
		<pose>Unspecified</pose>
		<truncated>0</truncated>
		<difficult>0</difficult>
		<bndbox>
			<xmin>218</xmin>
			<ymin>782</ymin>
			<xmax>269</xmax>
			<ymax>837</ymax>
		</bndbox>
	</object>
	<object>
		<name>graymold</name>
		<pose>Unspecified</pose>
		<truncated>0</truncated>
		<difficult>0</difficult>
		<bndbox>
			<xmin>196</xmin>
			<ymin>825</ymin>
			<xmax>243</xmax>
			<ymax>877</ymax>
		</bndbox>
	</object>
	<object>
		<name>graymold</name>
		<pose>Unspecified</pose>
		<truncated>0</truncated>
		<difficult>0</difficult>
		<bndbox>
			<xmin>266</xmin>
			<ymin>827</ymin>
			<xmax>326</xmax>
			<ymax>875</ymax>
		</bndbox>
	</object>
	<object>
		<name>graymold</name>
		<pose>Unspecified</pose>
		<truncated>0</truncated>
		<difficult>0</difficult>
		<bndbox>
			<xmin>299</xmin>
			<ymin>916</ymin>
			<xmax>351</xmax>
			<ymax>951</ymax>
		</bndbox>
	</object>
	<object>
		<name>graymold</name>
		<pose>Unspecified</pose>
		<truncated>0</truncated>
		<difficult>0</difficult>
		<bndbox>
			<xmin>273</xmin>
			<ymin>953</ymin>
			<xmax>327</xmax>
			<ymax>996</ymax>
		</bndbox>
	</object>
	<object>
		<name>graymold</name>
		<pose>Unspecified</pose>
		<truncated>0</truncated>
		<difficult>0</difficult>
		<bndbox>
			<xmin>194</xmin>
			<ymin>878</ymin>
			<xmax>251</xmax>
			<ymax>919</ymax>
		</bndbox>
	</object>
	<object>
		<name>graymold</name>
		<pose>Unspecified</pose>
		<truncated>0</truncated>
		<difficult>0</difficult>
		<bndbox>
			<xmin>220</xmin>
			<ymin>911</ymin>
			<xmax>291</xmax>
			<ymax>961</ymax>
		</bndbox>
	</object>
	<object>
		<name>graymold</name>
		<pose>Unspecified</pose>
		<truncated>0</truncated>
		<difficult>0</difficult>
		<bndbox>
			<xmin>160</xmin>
			<ymin>907</ymin>
			<xmax>204</xmax>
			<ymax>947</ymax>
		</bndbox>
	</object>
	<object>
		<name>graymold</name>
		<pose>Unspecified</pose>
		<truncated>0</truncated>
		<difficult>0</difficult>
		<bndbox>
			<xmin>162</xmin>
			<ymin>949</ymin>
			<xmax>208</xmax>
			<ymax>988</ymax>
		</bndbox>
	</object>
	<object>
		<name>graymold</name>
		<pose>Unspecified</pose>
		<truncated>0</truncated>
		<difficult>0</difficult>
		<bndbox>
			<xmin>118</xmin>
			<ymin>963</ymin>
			<xmax>163</xmax>
			<ymax>1040</ymax>
		</bndbox>
	</object>
	<object>
		<name>graymold</name>
		<pose>Unspecified</pose>
		<truncated>0</truncated>
		<difficult>0</difficult>
		<bndbox>
			<xmin>143</xmin>
			<ymin>1007</ymin>
			<xmax>187</xmax>
			<ymax>1057</ymax>
		</bndbox>
	</object>
	<object>
		<name>graymold</name>
		<pose>Unspecified</pose>
		<truncated>0</truncated>
		<difficult>0</difficult>
		<bndbox>
			<xmin>190</xmin>
			<ymin>972</ymin>
			<xmax>261</xmax>
			<ymax>1032</ymax>
		</bndbox>
	</object>
	<object>
		<name>graymold</name>
		<pose>Unspecified</pose>
		<truncated>0</truncated>
		<difficult>0</difficult>
		<bndbox>
			<xmin>193</xmin>
			<ymin>1024</ymin>
			<xmax>260</xmax>
			<ymax>1081</ymax>
		</bndbox>
	</object>
	<object>
		<name>graymold</name>
		<pose>Unspecified</pose>
		<truncated>0</truncated>
		<difficult>0</difficult>
		<bndbox>
			<xmin>310</xmin>
			<ymin>469</ymin>
			<xmax>351</xmax>
			<ymax>519</ymax>
		</bndbox>
	</object>
	<object>
		<name>graymold</name>
		<pose>Unspecified</pose>
		<truncated>0</truncated>
		<difficult>0</difficult>
		<bndbox>
			<xmin>299</xmin>
			<ymin>332</ymin>
			<xmax>362</xmax>
			<ymax>383</ymax>
		</bndbox>
	</object>
	<object>
		<name>graymold</name>
		<pose>Unspecified</pose>
		<truncated>0</truncated>
		<difficult>0</difficult>
		<bndbox>
			<xmin>308</xmin>
			<ymin>218</ymin>
			<xmax>351</xmax>
			<ymax>265</ymax>
		</bndbox>
	</object>
	<object>
		<name>graymold</name>
		<pose>Unspecified</pose>
		<truncated>0</truncated>
		<difficult>0</difficult>
		<bndbox>
			<xmin>576</xmin>
			<ymin>339</ymin>
			<xmax>623</xmax>
			<ymax>384</ymax>
		</bndbox>
	</object>
	<object>
		<name>graymold</name>
		<pose>Unspecified</pose>
		<truncated>0</truncated>
		<difficult>0</difficult>
		<bndbox>
			<xmin>609</xmin>
			<ymin>286</ymin>
			<xmax>651</xmax>
			<ymax>332</ymax>
		</bndbox>
	</object>
	<object>
		<name>graymold</name>
		<pose>Unspecified</pose>
		<truncated>0</truncated>
		<difficult>0</difficult>
		<bndbox>
			<xmin>181</xmin>
			<ymin>142</ymin>
			<xmax>228</xmax>
			<ymax>184</ymax>
		</bndbox>
	</object>
	<object>
		<name>graymold</name>
		<pose>Unspecified</pose>
		<truncated>1</truncated>
		<difficult>0</difficult>
		<bndbox>
			<xmin>646</xmin>
			<ymin>1</ymin>
			<xmax>690</xmax>
			<ymax>52</ymax>
		</bndbox>
	</object>
	<object>
		<name>graymold</name>
		<pose>Unspecified</pose>
		<truncated>0</truncated>
		<difficult>0</difficult>
		<bndbox>
			<xmin>932</xmin>
			<ymin>1947</ymin>
			<xmax>991</xmax>
			<ymax>2001</ymax>
		</bndbox>
	</object>
	<object>
		<name>graymold</name>
		<pose>Unspecified</pose>
		<truncated>0</truncated>
		<difficult>0</difficult>
		<bndbox>
			<xmin>1060</xmin>
			<ymin>2143</ymin>
			<xmax>1101</xmax>
			<ymax>2197</ymax>
		</bndbox>
	</object>
	<object>
		<name>graymold</name>
		<pose>Unspecified</pose>
		<truncated>0</truncated>
		<difficult>0</difficult>
		<bndbox>
			<xmin>1084</xmin>
			<ymin>2000</ymin>
			<xmax>1149</xmax>
			<ymax>2051</ymax>
		</bndbox>
	</object>
	<object>
		<name>graymold</name>
		<pose>Unspecified</pose>
		<truncated>0</truncated>
		<difficult>0</difficult>
		<bndbox>
			<xmin>1115</xmin>
			<ymin>1940</ymin>
			<xmax>1160</xmax>
			<ymax>1990</ymax>
		</bndbox>
	</object>
	<object>
		<name>graymold</name>
		<pose>Unspecified</pose>
		<truncated>0</truncated>
		<difficult>0</difficult>
		<bndbox>
			<xmin>1239</xmin>
			<ymin>1975</ymin>
			<xmax>1290</xmax>
			<ymax>2019</ymax>
		</bndbox>
	</object>
	<object>
		<name>graymold</name>
		<pose>Unspecified</pose>
		<truncated>0</truncated>
		<difficult>0</difficult>
		<bndbox>
			<xmin>1354</xmin>
			<ymin>1962</ymin>
			<xmax>1410</xmax>
			<ymax>2009</ymax>
		</bndbox>
	</object>
	<object>
		<name>graymold</name>
		<pose>Unspecified</pose>
		<truncated>0</truncated>
		<difficult>0</difficult>
		<bndbox>
			<xmin>1349</xmin>
			<ymin>1849</ymin>
			<xmax>1410</xmax>
			<ymax>1907</ymax>
		</bndbox>
	</object>
	<object>
		<name>graymold</name>
		<pose>Unspecified</pose>
		<truncated>1</truncated>
		<difficult>0</difficult>
		<bndbox>
			<xmin>1436</xmin>
			<ymin>2175</ymin>
			<xmax>1488</xmax>
			<ymax>2200</ymax>
		</bndbox>
	</object>
	<object>
		<name>graymold</name>
		<pose>Unspecified</pose>
		<truncated>0</truncated>
		<difficult>0</difficult>
		<bndbox>
			<xmin>1499</xmin>
			<ymin>1817</ymin>
			<xmax>1566</xmax>
			<ymax>1876</ymax>
		</bndbox>
	</object>
	<object>
		<name>graymold</name>
		<pose>Unspecified</pose>
		<truncated>0</truncated>
		<difficult>0</difficult>
		<bndbox>
			<xmin>1622</xmin>
			<ymin>1901</ymin>
			<xmax>1682</xmax>
			<ymax>1944</ymax>
		</bndbox>
	</object>
	<object>
		<name>graymold</name>
		<pose>Unspecified</pose>
		<truncated>0</truncated>
		<difficult>0</difficult>
		<bndbox>
			<xmin>1694</xmin>
			<ymin>2016</ymin>
			<xmax>1751</xmax>
			<ymax>2056</ymax>
		</bndbox>
	</object>
	<object>
		<name>graymold</name>
		<pose>Unspecified</pose>
		<truncated>0</truncated>
		<difficult>0</difficult>
		<bndbox>
			<xmin>1688</xmin>
			<ymin>2051</ymin>
			<xmax>1740</xmax>
			<ymax>2105</ymax>
		</bndbox>
	</object>
	<object>
		<name>graymold</name>
		<pose>Unspecified</pose>
		<truncated>0</truncated>
		<difficult>0</difficult>
		<bndbox>
			<xmin>1488</xmin>
			<ymin>1676</ymin>
			<xmax>1526</xmax>
			<ymax>1719</ymax>
		</bndbox>
	</object>
	<object>
		<name>graymold</name>
		<pose>Unspecified</pose>
		<truncated>0</truncated>
		<difficult>0</difficult>
		<bndbox>
			<xmin>1537</xmin>
			<ymin>1566</ymin>
			<xmax>1572</xmax>
			<ymax>1628</ymax>
		</bndbox>
	</object>
	<object>
		<name>graymold</name>
		<pose>Unspecified</pose>
		<truncated>0</truncated>
		<difficult>0</difficult>
		<bndbox>
			<xmin>1652</xmin>
			<ymin>1394</ymin>
			<xmax>1707</xmax>
			<ymax>1436</ymax>
		</bndbox>
	</object>
	<object>
		<name>graymold</name>
		<pose>Unspecified</pose>
		<truncated>0</truncated>
		<difficult>0</difficult>
		<bndbox>
			<xmin>1733</xmin>
			<ymin>1028</ymin>
			<xmax>1783</xmax>
			<ymax>1116</ymax>
		</bndbox>
	</object>
	<object>
		<name>graymold</name>
		<pose>Unspecified</pose>
		<truncated>0</truncated>
		<difficult>0</difficult>
		<bndbox>
			<xmin>1916</xmin>
			<ymin>1200</ymin>
			<xmax>1969</xmax>
			<ymax>1254</ymax>
		</bndbox>
	</object>
	<object>
		<name>graymold</name>
		<pose>Unspecified</pose>
		<truncated>0</truncated>
		<difficult>0</difficult>
		<bndbox>
			<xmin>1999</xmin>
			<ymin>1119</ymin>
			<xmax>2038</xmax>
			<ymax>1185</ymax>
		</bndbox>
	</object>
	<object>
		<name>graymold</name>
		<pose>Unspecified</pose>
		<truncated>0</truncated>
		<difficult>0</difficult>
		<bndbox>
			<xmin>1998</xmin>
			<ymin>1187</ymin>
			<xmax>2037</xmax>
			<ymax>1230</ymax>
		</bndbox>
	</object>
	<object>
		<name>graymold</name>
		<pose>Unspecified</pose>
		<truncated>0</truncated>
		<difficult>0</difficult>
		<bndbox>
			<xmin>1932</xmin>
			<ymin>957</ymin>
			<xmax>1972</xmax>
			<ymax>996</ymax>
		</bndbox>
	</object>
	<object>
		<name>graymold</name>
		<pose>Unspecified</pose>
		<truncated>0</truncated>
		<difficult>0</difficult>
		<bndbox>
			<xmin>2036</xmin>
			<ymin>904</ymin>
			<xmax>2095</xmax>
			<ymax>966</ymax>
		</bndbox>
	</object>
	<object>
		<name>graymold</name>
		<pose>Unspecified</pose>
		<truncated>0</truncated>
		<difficult>0</difficult>
		<bndbox>
			<xmin>2007</xmin>
			<ymin>763</ymin>
			<xmax>2075</xmax>
			<ymax>841</ymax>
		</bndbox>
	</object>
	<object>
		<name>graymold</name>
		<pose>Unspecified</pose>
		<truncated>0</truncated>
		<difficult>0</difficult>
		<bndbox>
			<xmin>2059</xmin>
			<ymin>723</ymin>
			<xmax>2119</xmax>
			<ymax>781</ymax>
		</bndbox>
	</object>
	<object>
		<name>graymold</name>
		<pose>Unspecified</pose>
		<truncated>0</truncated>
		<difficult>0</difficult>
		<bndbox>
			<xmin>2126</xmin>
			<ymin>752</ymin>
			<xmax>2189</xmax>
			<ymax>800</ymax>
		</bndbox>
	</object>
	<object>
		<name>graymold</name>
		<pose>Unspecified</pose>
		<truncated>0</truncated>
		<difficult>0</difficult>
		<bndbox>
			<xmin>2251</xmin>
			<ymin>778</ymin>
			<xmax>2303</xmax>
			<ymax>836</ymax>
		</bndbox>
	</object>
	<object>
		<name>graymold</name>
		<pose>Unspecified</pose>
		<truncated>0</truncated>
		<difficult>0</difficult>
		<bndbox>
			<xmin>2294</xmin>
			<ymin>820</ymin>
			<xmax>2340</xmax>
			<ymax>859</ymax>
		</bndbox>
	</object>
	<object>
		<name>graymold</name>
		<pose>Unspecified</pose>
		<truncated>0</truncated>
		<difficult>0</difficult>
		<bndbox>
			<xmin>2251</xmin>
			<ymin>840</ymin>
			<xmax>2296</xmax>
			<ymax>896</ymax>
		</bndbox>
	</object>
	<object>
		<name>graymold</name>
		<pose>Unspecified</pose>
		<truncated>0</truncated>
		<difficult>0</difficult>
		<bndbox>
			<xmin>2332</xmin>
			<ymin>686</ymin>
			<xmax>2372</xmax>
			<ymax>732</ymax>
		</bndbox>
	</object>
	<object>
		<name>graymold</name>
		<pose>Unspecified</pose>
		<truncated>0</truncated>
		<difficult>0</difficult>
		<bndbox>
			<xmin>2203</xmin>
			<ymin>608</ymin>
			<xmax>2241</xmax>
			<ymax>657</ymax>
		</bndbox>
	</object>
	<object>
		<name>graymold</name>
		<pose>Unspecified</pose>
		<truncated>0</truncated>
		<difficult>0</difficult>
		<bndbox>
			<xmin>2214</xmin>
			<ymin>576</ymin>
			<xmax>2279</xmax>
			<ymax>627</ymax>
		</bndbox>
	</object>
	<object>
		<name>graymold</name>
		<pose>Unspecified</pose>
		<truncated>0</truncated>
		<difficult>0</difficult>
		<bndbox>
			<xmin>2268</xmin>
			<ymin>605</ymin>
			<xmax>2313</xmax>
			<ymax>640</ymax>
		</bndbox>
	</object>
	<object>
		<name>graymold</name>
		<pose>Unspecified</pose>
		<truncated>0</truncated>
		<difficult>0</difficult>
		<bndbox>
			<xmin>2240</xmin>
			<ymin>639</ymin>
			<xmax>2325</xmax>
			<ymax>699</ymax>
		</bndbox>
	</object>
	<object>
		<name>graymold</name>
		<pose>Unspecified</pose>
		<truncated>0</truncated>
		<difficult>0</difficult>
		<bndbox>
			<xmin>2366</xmin>
			<ymin>379</ymin>
			<xmax>2422</xmax>
			<ymax>422</ymax>
		</bndbox>
	</object>
	<object>
		<name>graymold</name>
		<pose>Unspecified</pose>
		<truncated>0</truncated>
		<difficult>0</difficult>
		<bndbox>
			<xmin>2410</xmin>
			<ymin>407</ymin>
			<xmax>2454</xmax>
			<ymax>451</ymax>
		</bndbox>
	</object>
	<object>
		<name>graymold</name>
		<pose>Unspecified</pose>
		<truncated>0</truncated>
		<difficult>0</difficult>
		<bndbox>
			<xmin>2549</xmin>
			<ymin>380</ymin>
			<xmax>2583</xmax>
			<ymax>413</ymax>
		</bndbox>
	</object>
	<object>
		<name>graymold</name>
		<pose>Unspecified</pose>
		<truncated>0</truncated>
		<difficult>0</difficult>
		<bndbox>
			<xmin>2569</xmin>
			<ymin>397</ymin>
			<xmax>2620</xmax>
			<ymax>453</ymax>
		</bndbox>
	</object>
	<object>
		<name>graymold</name>
		<pose>Unspecified</pose>
		<truncated>0</truncated>
		<difficult>0</difficult>
		<bndbox>
			<xmin>2678</xmin>
			<ymin>369</ymin>
			<xmax>2725</xmax>
			<ymax>429</ymax>
		</bndbox>
	</object>
	<object>
		<name>graymold</name>
		<pose>Unspecified</pose>
		<truncated>0</truncated>
		<difficult>0</difficult>
		<bndbox>
			<xmin>2340</xmin>
			<ymin>124</ymin>
			<xmax>2399</xmax>
			<ymax>175</ymax>
		</bndbox>
	</object>
	<object>
		<name>graymold</name>
		<pose>Unspecified</pose>
		<truncated>0</truncated>
		<difficult>0</difficult>
		<bndbox>
			<xmin>1939</xmin>
			<ymin>239</ymin>
			<xmax>1989</xmax>
			<ymax>315</ymax>
		</bndbox>
	</object>
	<object>
		<name>graymold</name>
		<pose>Unspecified</pose>
		<truncated>0</truncated>
		<difficult>0</difficult>
		<bndbox>
			<xmin>2015</xmin>
			<ymin>81</ymin>
			<xmax>2056</xmax>
			<ymax>120</ymax>
		</bndbox>
	</object>
	<object>
		<name>graymold</name>
		<pose>Unspecified</pose>
		<truncated>0</truncated>
		<difficult>0</difficult>
		<bndbox>
			<xmin>1830</xmin>
			<ymin>560</ymin>
			<xmax>1886</xmax>
			<ymax>608</ymax>
		</bndbox>
	</object>
	<object>
		<name>graymold</name>
		<pose>Unspecified</pose>
		<truncated>0</truncated>
		<difficult>0</difficult>
		<bndbox>
			<xmin>1801</xmin>
			<ymin>649</ymin>
			<xmax>1849</xmax>
			<ymax>705</ymax>
		</bndbox>
	</object>
	<object>
		<name>graymold</name>
		<pose>Unspecified</pose>
		<truncated>0</truncated>
		<difficult>0</difficult>
		<bndbox>
			<xmin>1755</xmin>
			<ymin>516</ymin>
			<xmax>1807</xmax>
			<ymax>578</ymax>
		</bndbox>
	</object>
	<object>
		<name>graymold</name>
		<pose>Unspecified</pose>
		<truncated>0</truncated>
		<difficult>0</difficult>
		<bndbox>
			<xmin>1604</xmin>
			<ymin>451</ymin>
			<xmax>1663</xmax>
			<ymax>509</ymax>
		</bndbox>
	</object>
	<object>
		<name>graymold</name>
		<pose>Unspecified</pose>
		<truncated>0</truncated>
		<difficult>0</difficult>
		<bndbox>
			<xmin>1549</xmin>
			<ymin>497</ymin>
			<xmax>1602</xmax>
			<ymax>541</ymax>
		</bndbox>
	</object>
	<object>
		<name>graymold</name>
		<pose>Unspecified</pose>
		<truncated>0</truncated>
		<difficult>0</difficult>
		<bndbox>
			<xmin>1600</xmin>
			<ymin>504</ymin>
			<xmax>1637</xmax>
			<ymax>549</ymax>
		</bndbox>
	</object>
	<object>
		<name>graymold</name>
		<pose>Unspecified</pose>
		<truncated>0</truncated>
		<difficult>0</difficult>
		<bndbox>
			<xmin>1576</xmin>
			<ymin>539</ymin>
			<xmax>1619</xmax>
			<ymax>595</ymax>
		</bndbox>
	</object>
	<object>
		<name>graymold</name>
		<pose>Unspecified</pose>
		<truncated>0</truncated>
		<difficult>0</difficult>
		<bndbox>
			<xmin>1316</xmin>
			<ymin>259</ymin>
			<xmax>1375</xmax>
			<ymax>306</ymax>
		</bndbox>
	</object>
	<object>
		<name>graymold</name>
		<pose>Unspecified</pose>
		<truncated>0</truncated>
		<difficult>0</difficult>
		<bndbox>
			<xmin>1723</xmin>
			<ymin>136</ymin>
			<xmax>1763</xmax>
			<ymax>186</ymax>
		</bndbox>
	</object>
	<object>
		<name>graymold</name>
		<pose>Unspecified</pose>
		<truncated>0</truncated>
		<difficult>0</difficult>
		<bndbox>
			<xmin>1739</xmin>
			<ymin>94</ymin>
			<xmax>1792</xmax>
			<ymax>142</ymax>
		</bndbox>
	</object>
	<object>
		<name>graymold</name>
		<pose>Unspecified</pose>
		<truncated>0</truncated>
		<difficult>0</difficult>
		<bndbox>
			<xmin>1746</xmin>
			<ymin>37</ymin>
			<xmax>1794</xmax>
			<ymax>93</ymax>
		</bndbox>
	</object>
	<object>
		<name>graymold</name>
		<pose>Unspecified</pose>
		<truncated>0</truncated>
		<difficult>0</difficult>
		<bndbox>
			<xmin>1124</xmin>
			<ymin>50</ymin>
			<xmax>1168</xmax>
			<ymax>95</ymax>
		</bndbox>
	</object>
	<object>
		<name>graymold</name>
		<pose>Unspecified</pose>
		<truncated>0</truncated>
		<difficult>0</difficult>
		<bndbox>
			<xmin>1064</xmin>
			<ymin>107</ymin>
			<xmax>1113</xmax>
			<ymax>154</ymax>
		</bndbox>
	</object>
	<object>
		<name>graymold</name>
		<pose>Unspecified</pose>
		<truncated>1</truncated>
		<difficult>0</difficult>
		<bndbox>
			<xmin>1431</xmin>
			<ymin>1</ymin>
			<xmax>1479</xmax>
			<ymax>18</ymax>
		</bndbox>
	</object>
	<object>
		<name>graymold</name>
		<pose>Unspecified</pose>
		<truncated>0</truncated>
		<difficult>0</difficult>
		<bndbox>
			<xmin>1875</xmin>
			<ymin>2138</ymin>
			<xmax>1919</xmax>
			<ymax>2193</ymax>
		</bndbox>
	</object>
	<object>
		<name>graymold</name>
		<pose>Unspecified</pose>
		<truncated>0</truncated>
		<difficult>0</difficult>
		<bndbox>
			<xmin>1883</xmin>
			<ymin>2001</ymin>
			<xmax>1934</xmax>
			<ymax>2054</ymax>
		</bndbox>
	</object>
	<object>
		<name>graymold</name>
		<pose>Unspecified</pose>
		<truncated>0</truncated>
		<difficult>0</difficult>
		<bndbox>
			<xmin>1892</xmin>
			<ymin>1937</ymin>
			<xmax>1937</xmax>
			<ymax>1979</ymax>
		</bndbox>
	</object>
	<object>
		<name>graymold</name>
		<pose>Unspecified</pose>
		<truncated>0</truncated>
		<difficult>0</difficult>
		<bndbox>
			<xmin>2300</xmin>
			<ymin>1655</ymin>
			<xmax>2343</xmax>
			<ymax>1707</ymax>
		</bndbox>
	</object>
	<object>
		<name>graymold</name>
		<pose>Unspecified</pose>
		<truncated>0</truncated>
		<difficult>0</difficult>
		<bndbox>
			<xmin>2456</xmin>
			<ymin>1697</ymin>
			<xmax>2504</xmax>
			<ymax>1762</ymax>
		</bndbox>
	</object>
	<object>
		<name>graymold</name>
		<pose>Unspecified</pose>
		<truncated>0</truncated>
		<difficult>0</difficult>
		<bndbox>
			<xmin>2508</xmin>
			<ymin>1672</ymin>
			<xmax>2566</xmax>
			<ymax>1739</ymax>
		</bndbox>
	</object>
	<object>
		<name>graymold</name>
		<pose>Unspecified</pose>
		<truncated>1</truncated>
		<difficult>0</difficult>
		<bndbox>
			<xmin>2558</xmin>
			<ymin>2157</ymin>
			<xmax>2617</xmax>
			<ymax>2200</ymax>
		</bndbox>
	</object>
	<object>
		<name>graymold</name>
		<pose>Unspecified</pose>
		<truncated>1</truncated>
		<difficult>0</difficult>
		<bndbox>
			<xmin>2696</xmin>
			<ymin>2116</ymin>
			<xmax>2748</xmax>
			<ymax>2165</ymax>
		</bndbox>
	</object>
	<object>
		<name>graymold</name>
		<pose>Unspecified</pose>
		<truncated>0</truncated>
		<difficult>0</difficult>
		<bndbox>
			<xmin>2492</xmin>
			<ymin>1545</ymin>
			<xmax>2537</xmax>
			<ymax>1612</ymax>
		</bndbox>
	</object>
	<object>
		<name>graymold</name>
		<pose>Unspecified</pose>
		<truncated>0</truncated>
		<difficult>0</difficult>
		<bndbox>
			<xmin>2683</xmin>
			<ymin>1673</ymin>
			<xmax>2725</xmax>
			<ymax>1714</ymax>
		</bndbox>
	</object>
	<object>
		<name>graymold</name>
		<pose>Unspecified</pose>
		<truncated>0</truncated>
		<difficult>0</difficult>
		<bndbox>
			<xmin>2687</xmin>
			<ymin>1710</ymin>
			<xmax>2734</xmax>
			<ymax>1746</ymax>
		</bndbox>
	</object>
	<object>
		<name>graymold</name>
		<pose>Unspecified</pose>
		<truncated>0</truncated>
		<difficult>0</difficult>
		<bndbox>
			<xmin>2508</xmin>
			<ymin>1454</ymin>
			<xmax>2570</xmax>
			<ymax>1504</ymax>
		</bndbox>
	</object>
	<object>
		<name>graymold</name>
		<pose>Unspecified</pose>
		<truncated>0</truncated>
		<difficult>0</difficult>
		<bndbox>
			<xmin>2182</xmin>
			<ymin>1330</ymin>
			<xmax>2233</xmax>
			<ymax>1382</ymax>
		</bndbox>
	</object>
	<object>
		<name>graymold</name>
		<pose>Unspecified</pose>
		<truncated>0</truncated>
		<difficult>0</difficult>
		<bndbox>
			<xmin>2184</xmin>
			<ymin>1062</ymin>
			<xmax>2267</xmax>
			<ymax>1111</ymax>
		</bndbox>
	</object>
	<object>
		<name>graymold</name>
		<pose>Unspecified</pose>
		<truncated>0</truncated>
		<difficult>0</difficult>
		<bndbox>
			<xmin>2201</xmin>
			<ymin>1080</ymin>
			<xmax>2255</xmax>
			<ymax>1153</ymax>
		</bndbox>
	</object>
	<object>
		<name>graymold</name>
		<pose>Unspecified</pose>
		<truncated>0</truncated>
		<difficult>0</difficult>
		<bndbox>
			<xmin>2249</xmin>
			<ymin>1114</ymin>
			<xmax>2301</xmax>
			<ymax>1164</ymax>
		</bndbox>
	</object>
	<object>
		<name>graymold</name>
		<pose>Unspecified</pose>
		<truncated>0</truncated>
		<difficult>0</difficult>
		<bndbox>
			<xmin>2470</xmin>
			<ymin>1169</ymin>
			<xmax>2515</xmax>
			<ymax>1216</ymax>
		</bndbox>
	</object>
	<object>
		<name>graymold</name>
		<pose>Unspecified</pose>
		<truncated>0</truncated>
		<difficult>0</difficult>
		<bndbox>
			<xmin>2597</xmin>
			<ymin>1276</ymin>
			<xmax>2648</xmax>
			<ymax>1322</ymax>
		</bndbox>
	</object>
	<object>
		<name>graymold</name>
		<pose>Unspecified</pose>
		<truncated>0</truncated>
		<difficult>0</difficult>
		<bndbox>
			<xmin>2592</xmin>
			<ymin>1324</ymin>
			<xmax>2639</xmax>
			<ymax>1364</ymax>
		</bndbox>
	</object>
	<object>
		<name>graymold</name>
		<pose>Unspecified</pose>
		<truncated>0</truncated>
		<difficult>0</difficult>
		<bndbox>
			<xmin>2629</xmin>
			<ymin>1134</ymin>
			<xmax>2670</xmax>
			<ymax>1174</ymax>
		</bndbox>
	</object>
	<object>
		<name>graymold</name>
		<pose>Unspecified</pose>
		<truncated>0</truncated>
		<difficult>0</difficult>
		<bndbox>
			<xmin>2518</xmin>
			<ymin>813</ymin>
			<xmax>2583</xmax>
			<ymax>865</ymax>
		</bndbox>
	</object>
	<object>
		<name>graymold</name>
		<pose>Unspecified</pose>
		<truncated>0</truncated>
		<difficult>0</difficult>
		<bndbox>
			<xmin>2691</xmin>
			<ymin>861</ymin>
			<xmax>2735</xmax>
			<ymax>915</ymax>
		</bndbox>
	</object>
</annotation>
