<annotation>
	<folder>images</folder>
	<filename>497.jpg</filename>
	<path>H:\paper-2\spores\images\497.jpg</path>
	<source>
		<database>Unknown</database>
	</source>
	<size>
		<width>2748</width>
		<height>2200</height>
		<depth>3</depth>
	</size>
	<segmented>0</segmented>
	<object>
		<name>graymold</name>
		<pose>Unspecified</pose>
		<truncated>0</truncated>
		<difficult>0</difficult>
		<bndbox>
			<xmin>253</xmin>
			<ymin>1506</ymin>
			<xmax>302</xmax>
			<ymax>1554</ymax>
		</bndbox>
	</object>
	<object>
		<name>graymold</name>
		<pose>Unspecified</pose>
		<truncated>0</truncated>
		<difficult>0</difficult>
		<bndbox>
			<xmin>324</xmin>
			<ymin>1466</ymin>
			<xmax>387</xmax>
			<ymax>1511</ymax>
		</bndbox>
	</object>
	<object>
		<name>graymold</name>
		<pose>Unspecified</pose>
		<truncated>0</truncated>
		<difficult>0</difficult>
		<bndbox>
			<xmin>193</xmin>
			<ymin>869</ymin>
			<xmax>228</xmax>
			<ymax>912</ymax>
		</bndbox>
	</object>
	<object>
		<name>graymold</name>
		<pose>Unspecified</pose>
		<truncated>0</truncated>
		<difficult>0</difficult>
		<bndbox>
			<xmin>309</xmin>
			<ymin>1043</ymin>
			<xmax>364</xmax>
			<ymax>1087</ymax>
		</bndbox>
	</object>
	<object>
		<name>graymold</name>
		<pose>Unspecified</pose>
		<truncated>0</truncated>
		<difficult>0</difficult>
		<bndbox>
			<xmin>350</xmin>
			<ymin>1065</ymin>
			<xmax>392</xmax>
			<ymax>1093</ymax>
		</bndbox>
	</object>
	<object>
		<name>graymold</name>
		<pose>Unspecified</pose>
		<truncated>0</truncated>
		<difficult>0</difficult>
		<bndbox>
			<xmin>497</xmin>
			<ymin>1132</ymin>
			<xmax>540</xmax>
			<ymax>1180</ymax>
		</bndbox>
	</object>
	<object>
		<name>graymold</name>
		<pose>Unspecified</pose>
		<truncated>0</truncated>
		<difficult>0</difficult>
		<bndbox>
			<xmin>551</xmin>
			<ymin>1146</ymin>
			<xmax>597</xmax>
			<ymax>1207</ymax>
		</bndbox>
	</object>
	<object>
		<name>graymold</name>
		<pose>Unspecified</pose>
		<truncated>0</truncated>
		<difficult>0</difficult>
		<bndbox>
			<xmin>493</xmin>
			<ymin>917</ymin>
			<xmax>543</xmax>
			<ymax>967</ymax>
		</bndbox>
	</object>
	<object>
		<name>graymold</name>
		<pose>Unspecified</pose>
		<truncated>0</truncated>
		<difficult>0</difficult>
		<bndbox>
			<xmin>569</xmin>
			<ymin>795</ymin>
			<xmax>615</xmax>
			<ymax>851</ymax>
		</bndbox>
	</object>
	<object>
		<name>graymold</name>
		<pose>Unspecified</pose>
		<truncated>0</truncated>
		<difficult>0</difficult>
		<bndbox>
			<xmin>862</xmin>
			<ymin>717</ymin>
			<xmax>917</xmax>
			<ymax>759</ymax>
		</bndbox>
	</object>
	<object>
		<name>graymold</name>
		<pose>Unspecified</pose>
		<truncated>0</truncated>
		<difficult>0</difficult>
		<bndbox>
			<xmin>849</xmin>
			<ymin>750</ymin>
			<xmax>898</xmax>
			<ymax>788</ymax>
		</bndbox>
	</object>
	<object>
		<name>graymold</name>
		<pose>Unspecified</pose>
		<truncated>0</truncated>
		<difficult>0</difficult>
		<bndbox>
			<xmin>403</xmin>
			<ymin>1750</ymin>
			<xmax>452</xmax>
			<ymax>1831</ymax>
		</bndbox>
	</object>
	<object>
		<name>graymold</name>
		<pose>Unspecified</pose>
		<truncated>0</truncated>
		<difficult>0</difficult>
		<bndbox>
			<xmin>133</xmin>
			<ymin>2118</ymin>
			<xmax>176</xmax>
			<ymax>2171</ymax>
		</bndbox>
	</object>
	<object>
		<name>graymold</name>
		<pose>Unspecified</pose>
		<truncated>0</truncated>
		<difficult>0</difficult>
		<bndbox>
			<xmin>1399</xmin>
			<ymin>2062</ymin>
			<xmax>1452</xmax>
			<ymax>2116</ymax>
		</bndbox>
	</object>
	<object>
		<name>graymold</name>
		<pose>Unspecified</pose>
		<truncated>0</truncated>
		<difficult>0</difficult>
		<bndbox>
			<xmin>1254</xmin>
			<ymin>1722</ymin>
			<xmax>1321</xmax>
			<ymax>1768</ymax>
		</bndbox>
	</object>
	<object>
		<name>graymold</name>
		<pose>Unspecified</pose>
		<truncated>0</truncated>
		<difficult>0</difficult>
		<bndbox>
			<xmin>1187</xmin>
			<ymin>1382</ymin>
			<xmax>1241</xmax>
			<ymax>1425</ymax>
		</bndbox>
	</object>
	<object>
		<name>graymold</name>
		<pose>Unspecified</pose>
		<truncated>0</truncated>
		<difficult>0</difficult>
		<bndbox>
			<xmin>1100</xmin>
			<ymin>1183</ymin>
			<xmax>1159</xmax>
			<ymax>1229</ymax>
		</bndbox>
	</object>
	<object>
		<name>graymold</name>
		<pose>Unspecified</pose>
		<truncated>0</truncated>
		<difficult>0</difficult>
		<bndbox>
			<xmin>1230</xmin>
			<ymin>1040</ymin>
			<xmax>1259</xmax>
			<ymax>1073</ymax>
		</bndbox>
	</object>
	<object>
		<name>graymold</name>
		<pose>Unspecified</pose>
		<truncated>0</truncated>
		<difficult>0</difficult>
		<bndbox>
			<xmin>1565</xmin>
			<ymin>1231</ymin>
			<xmax>1623</xmax>
			<ymax>1285</ymax>
		</bndbox>
	</object>
	<object>
		<name>graymold</name>
		<pose>Unspecified</pose>
		<truncated>0</truncated>
		<difficult>0</difficult>
		<bndbox>
			<xmin>1750</xmin>
			<ymin>1675</ymin>
			<xmax>1781</xmax>
			<ymax>1725</ymax>
		</bndbox>
	</object>
	<object>
		<name>graymold</name>
		<pose>Unspecified</pose>
		<truncated>0</truncated>
		<difficult>0</difficult>
		<bndbox>
			<xmin>2041</xmin>
			<ymin>1629</ymin>
			<xmax>2073</xmax>
			<ymax>1671</ymax>
		</bndbox>
	</object>
	<object>
		<name>graymold</name>
		<pose>Unspecified</pose>
		<truncated>0</truncated>
		<difficult>0</difficult>
		<bndbox>
			<xmin>1935</xmin>
			<ymin>1269</ymin>
			<xmax>1970</xmax>
			<ymax>1305</ymax>
		</bndbox>
	</object>
	<object>
		<name>graymold</name>
		<pose>Unspecified</pose>
		<truncated>0</truncated>
		<difficult>0</difficult>
		<bndbox>
			<xmin>1949</xmin>
			<ymin>1126</ymin>
			<xmax>1990</xmax>
			<ymax>1164</ymax>
		</bndbox>
	</object>
	<object>
		<name>graymold</name>
		<pose>Unspecified</pose>
		<truncated>0</truncated>
		<difficult>0</difficult>
		<bndbox>
			<xmin>1281</xmin>
			<ymin>462</ymin>
			<xmax>1328</xmax>
			<ymax>508</ymax>
		</bndbox>
	</object>
	<object>
		<name>graymold</name>
		<pose>Unspecified</pose>
		<truncated>0</truncated>
		<difficult>0</difficult>
		<bndbox>
			<xmin>1293</xmin>
			<ymin>501</ymin>
			<xmax>1351</xmax>
			<ymax>542</ymax>
		</bndbox>
	</object>
	<object>
		<name>graymold</name>
		<pose>Unspecified</pose>
		<truncated>0</truncated>
		<difficult>0</difficult>
		<bndbox>
			<xmin>1463</xmin>
			<ymin>706</ymin>
			<xmax>1527</xmax>
			<ymax>768</ymax>
		</bndbox>
	</object>
	<object>
		<name>graymold</name>
		<pose>Unspecified</pose>
		<truncated>0</truncated>
		<difficult>0</difficult>
		<bndbox>
			<xmin>1585</xmin>
			<ymin>738</ymin>
			<xmax>1651</xmax>
			<ymax>770</ymax>
		</bndbox>
	</object>
	<object>
		<name>graymold</name>
		<pose>Unspecified</pose>
		<truncated>0</truncated>
		<difficult>0</difficult>
		<bndbox>
			<xmin>1706</xmin>
			<ymin>705</ymin>
			<xmax>1755</xmax>
			<ymax>756</ymax>
		</bndbox>
	</object>
	<object>
		<name>graymold</name>
		<pose>Unspecified</pose>
		<truncated>0</truncated>
		<difficult>0</difficult>
		<bndbox>
			<xmin>1848</xmin>
			<ymin>648</ymin>
			<xmax>1906</xmax>
			<ymax>707</ymax>
		</bndbox>
	</object>
	<object>
		<name>graymold</name>
		<pose>Unspecified</pose>
		<truncated>0</truncated>
		<difficult>0</difficult>
		<bndbox>
			<xmin>1917</xmin>
			<ymin>701</ymin>
			<xmax>1962</xmax>
			<ymax>742</ymax>
		</bndbox>
	</object>
	<object>
		<name>graymold</name>
		<pose>Unspecified</pose>
		<truncated>0</truncated>
		<difficult>0</difficult>
		<bndbox>
			<xmin>333</xmin>
			<ymin>69</ymin>
			<xmax>379</xmax>
			<ymax>137</ymax>
		</bndbox>
	</object>
	<object>
		<name>graymold</name>
		<pose>Unspecified</pose>
		<truncated>0</truncated>
		<difficult>0</difficult>
		<bndbox>
			<xmin>869</xmin>
			<ymin>28</ymin>
			<xmax>931</xmax>
			<ymax>86</ymax>
		</bndbox>
	</object>
	<object>
		<name>graymold</name>
		<pose>Unspecified</pose>
		<truncated>0</truncated>
		<difficult>0</difficult>
		<bndbox>
			<xmin>2378</xmin>
			<ymin>710</ymin>
			<xmax>2424</xmax>
			<ymax>765</ymax>
		</bndbox>
	</object>
	<object>
		<name>graymold</name>
		<pose>Unspecified</pose>
		<truncated>0</truncated>
		<difficult>0</difficult>
		<bndbox>
			<xmin>2619</xmin>
			<ymin>1093</ymin>
			<xmax>2663</xmax>
			<ymax>1126</ymax>
		</bndbox>
	</object>
	<object>
		<name>graymold</name>
		<pose>Unspecified</pose>
		<truncated>0</truncated>
		<difficult>0</difficult>
		<bndbox>
			<xmin>2667</xmin>
			<ymin>1391</ymin>
			<xmax>2709</xmax>
			<ymax>1441</ymax>
		</bndbox>
	</object>
	<object>
		<name>graymold</name>
		<pose>Unspecified</pose>
		<truncated>0</truncated>
		<difficult>0</difficult>
		<bndbox>
			<xmin>1785</xmin>
			<ymin>2007</ymin>
			<xmax>1864</xmax>
			<ymax>2057</ymax>
		</bndbox>
	</object>
	<object>
		<name>graymold</name>
		<pose>Unspecified</pose>
		<truncated>0</truncated>
		<difficult>0</difficult>
		<bndbox>
			<xmin>1710</xmin>
			<ymin>2161</ymin>
			<xmax>1763</xmax>
			<ymax>2199</ymax>
		</bndbox>
	</object>
	<object>
		<name>graymold</name>
		<pose>Unspecified</pose>
		<truncated>0</truncated>
		<difficult>0</difficult>
		<bndbox>
			<xmin>2484</xmin>
			<ymin>531</ymin>
			<xmax>2543</xmax>
			<ymax>576</ymax>
		</bndbox>
	</object>
	<object>
		<name>graymold</name>
		<pose>Unspecified</pose>
		<truncated>0</truncated>
		<difficult>0</difficult>
		<bndbox>
			<xmin>2181</xmin>
			<ymin>826</ymin>
			<xmax>2212</xmax>
			<ymax>859</ymax>
		</bndbox>
	</object>
</annotation>
