<annotation>
	<folder>images</folder>
	<filename>554.jpg</filename>
	<path>H:\paper-2\spores\images\554.jpg</path>
	<source>
		<database>Unknown</database>
	</source>
	<size>
		<width>2748</width>
		<height>2200</height>
		<depth>3</depth>
	</size>
	<segmented>0</segmented>
	<object>
		<name>graymold</name>
		<pose>Unspecified</pose>
		<truncated>1</truncated>
		<difficult>0</difficult>
		<bndbox>
			<xmin>83</xmin>
			<ymin>2163</ymin>
			<xmax>140</xmax>
			<ymax>2200</ymax>
		</bndbox>
	</object>
	<object>
		<name>graymold</name>
		<pose>Unspecified</pose>
		<truncated>1</truncated>
		<difficult>0</difficult>
		<bndbox>
			<xmin>234</xmin>
			<ymin>2141</ymin>
			<xmax>294</xmax>
			<ymax>2200</ymax>
		</bndbox>
	</object>
	<object>
		<name>graymold</name>
		<pose>Unspecified</pose>
		<truncated>1</truncated>
		<difficult>0</difficult>
		<bndbox>
			<xmin>1</xmin>
			<ymin>1633</ymin>
			<xmax>19</xmax>
			<ymax>1676</ymax>
		</bndbox>
	</object>
	<object>
		<name>graymold</name>
		<pose>Unspecified</pose>
		<truncated>0</truncated>
		<difficult>0</difficult>
		<bndbox>
			<xmin>46</xmin>
			<ymin>1589</ymin>
			<xmax>84</xmax>
			<ymax>1638</ymax>
		</bndbox>
	</object>
	<object>
		<name>graymold</name>
		<pose>Unspecified</pose>
		<truncated>0</truncated>
		<difficult>0</difficult>
		<bndbox>
			<xmin>153</xmin>
			<ymin>1376</ymin>
			<xmax>231</xmax>
			<ymax>1427</ymax>
		</bndbox>
	</object>
	<object>
		<name>graymold</name>
		<pose>Unspecified</pose>
		<truncated>0</truncated>
		<difficult>0</difficult>
		<bndbox>
			<xmin>95</xmin>
			<ymin>1014</ymin>
			<xmax>146</xmax>
			<ymax>1061</ymax>
		</bndbox>
	</object>
	<object>
		<name>graymold</name>
		<pose>Unspecified</pose>
		<truncated>0</truncated>
		<difficult>0</difficult>
		<bndbox>
			<xmin>465</xmin>
			<ymin>1090</ymin>
			<xmax>521</xmax>
			<ymax>1160</ymax>
		</bndbox>
	</object>
	<object>
		<name>graymold</name>
		<pose>Unspecified</pose>
		<truncated>0</truncated>
		<difficult>0</difficult>
		<bndbox>
			<xmin>489</xmin>
			<ymin>1215</ymin>
			<xmax>545</xmax>
			<ymax>1266</ymax>
		</bndbox>
	</object>
	<object>
		<name>graymold</name>
		<pose>Unspecified</pose>
		<truncated>0</truncated>
		<difficult>0</difficult>
		<bndbox>
			<xmin>536</xmin>
			<ymin>1032</ymin>
			<xmax>591</xmax>
			<ymax>1075</ymax>
		</bndbox>
	</object>
	<object>
		<name>graymold</name>
		<pose>Unspecified</pose>
		<truncated>0</truncated>
		<difficult>0</difficult>
		<bndbox>
			<xmin>790</xmin>
			<ymin>932</ymin>
			<xmax>850</xmax>
			<ymax>981</ymax>
		</bndbox>
	</object>
	<object>
		<name>graymold</name>
		<pose>Unspecified</pose>
		<truncated>0</truncated>
		<difficult>0</difficult>
		<bndbox>
			<xmin>802</xmin>
			<ymin>978</ymin>
			<xmax>854</xmax>
			<ymax>1031</ymax>
		</bndbox>
	</object>
	<object>
		<name>graymold</name>
		<pose>Unspecified</pose>
		<truncated>0</truncated>
		<difficult>0</difficult>
		<bndbox>
			<xmin>835</xmin>
			<ymin>1013</ymin>
			<xmax>878</xmax>
			<ymax>1057</ymax>
		</bndbox>
	</object>
	<object>
		<name>graymold</name>
		<pose>Unspecified</pose>
		<truncated>0</truncated>
		<difficult>0</difficult>
		<bndbox>
			<xmin>857</xmin>
			<ymin>954</ymin>
			<xmax>901</xmax>
			<ymax>1013</ymax>
		</bndbox>
	</object>
	<object>
		<name>graymold</name>
		<pose>Unspecified</pose>
		<truncated>0</truncated>
		<difficult>0</difficult>
		<bndbox>
			<xmin>922</xmin>
			<ymin>837</ymin>
			<xmax>960</xmax>
			<ymax>888</ymax>
		</bndbox>
	</object>
	<object>
		<name>graymold</name>
		<pose>Unspecified</pose>
		<truncated>0</truncated>
		<difficult>0</difficult>
		<bndbox>
			<xmin>1174</xmin>
			<ymin>505</ymin>
			<xmax>1237</xmax>
			<ymax>560</ymax>
		</bndbox>
	</object>
	<object>
		<name>graymold</name>
		<pose>Unspecified</pose>
		<truncated>0</truncated>
		<difficult>0</difficult>
		<bndbox>
			<xmin>1175</xmin>
			<ymin>435</ymin>
			<xmax>1216</xmax>
			<ymax>484</ymax>
		</bndbox>
	</object>
	<object>
		<name>graymold</name>
		<pose>Unspecified</pose>
		<truncated>0</truncated>
		<difficult>0</difficult>
		<bndbox>
			<xmin>1206</xmin>
			<ymin>455</ymin>
			<xmax>1236</xmax>
			<ymax>511</ymax>
		</bndbox>
	</object>
	<object>
		<name>graymold</name>
		<pose>Unspecified</pose>
		<truncated>0</truncated>
		<difficult>0</difficult>
		<bndbox>
			<xmin>1234</xmin>
			<ymin>672</ymin>
			<xmax>1285</xmax>
			<ymax>725</ymax>
		</bndbox>
	</object>
	<object>
		<name>graymold</name>
		<pose>Unspecified</pose>
		<truncated>0</truncated>
		<difficult>0</difficult>
		<bndbox>
			<xmin>1788</xmin>
			<ymin>487</ymin>
			<xmax>1827</xmax>
			<ymax>540</ymax>
		</bndbox>
	</object>
	<object>
		<name>graymold</name>
		<pose>Unspecified</pose>
		<truncated>0</truncated>
		<difficult>0</difficult>
		<bndbox>
			<xmin>1758</xmin>
			<ymin>668</ymin>
			<xmax>1803</xmax>
			<ymax>716</ymax>
		</bndbox>
	</object>
	<object>
		<name>graymold</name>
		<pose>Unspecified</pose>
		<truncated>0</truncated>
		<difficult>0</difficult>
		<bndbox>
			<xmin>1825</xmin>
			<ymin>694</ymin>
			<xmax>1876</xmax>
			<ymax>731</ymax>
		</bndbox>
	</object>
	<object>
		<name>graymold</name>
		<pose>Unspecified</pose>
		<truncated>0</truncated>
		<difficult>0</difficult>
		<bndbox>
			<xmin>1773</xmin>
			<ymin>867</ymin>
			<xmax>1811</xmax>
			<ymax>913</ymax>
		</bndbox>
	</object>
	<object>
		<name>graymold</name>
		<pose>Unspecified</pose>
		<truncated>0</truncated>
		<difficult>0</difficult>
		<bndbox>
			<xmin>1803</xmin>
			<ymin>890</ymin>
			<xmax>1860</xmax>
			<ymax>941</ymax>
		</bndbox>
	</object>
	<object>
		<name>graymold</name>
		<pose>Unspecified</pose>
		<truncated>0</truncated>
		<difficult>0</difficult>
		<bndbox>
			<xmin>1875</xmin>
			<ymin>986</ymin>
			<xmax>1932</xmax>
			<ymax>1034</ymax>
		</bndbox>
	</object>
	<object>
		<name>graymold</name>
		<pose>Unspecified</pose>
		<truncated>0</truncated>
		<difficult>0</difficult>
		<bndbox>
			<xmin>1616</xmin>
			<ymin>1007</ymin>
			<xmax>1667</xmax>
			<ymax>1070</ymax>
		</bndbox>
	</object>
	<object>
		<name>graymold</name>
		<pose>Unspecified</pose>
		<truncated>0</truncated>
		<difficult>0</difficult>
		<bndbox>
			<xmin>1609</xmin>
			<ymin>1067</ymin>
			<xmax>1663</xmax>
			<ymax>1121</ymax>
		</bndbox>
	</object>
	<object>
		<name>graymold</name>
		<pose>Unspecified</pose>
		<truncated>0</truncated>
		<difficult>0</difficult>
		<bndbox>
			<xmin>1349</xmin>
			<ymin>1087</ymin>
			<xmax>1404</xmax>
			<ymax>1136</ymax>
		</bndbox>
	</object>
	<object>
		<name>graymold</name>
		<pose>Unspecified</pose>
		<truncated>0</truncated>
		<difficult>0</difficult>
		<bndbox>
			<xmin>1158</xmin>
			<ymin>1345</ymin>
			<xmax>1191</xmax>
			<ymax>1393</ymax>
		</bndbox>
	</object>
	<object>
		<name>graymold</name>
		<pose>Unspecified</pose>
		<truncated>0</truncated>
		<difficult>0</difficult>
		<bndbox>
			<xmin>1028</xmin>
			<ymin>1528</ymin>
			<xmax>1102</xmax>
			<ymax>1604</ymax>
		</bndbox>
	</object>
	<object>
		<name>graymold</name>
		<pose>Unspecified</pose>
		<truncated>0</truncated>
		<difficult>0</difficult>
		<bndbox>
			<xmin>1701</xmin>
			<ymin>1537</ymin>
			<xmax>1744</xmax>
			<ymax>1578</ymax>
		</bndbox>
	</object>
	<object>
		<name>graymold</name>
		<pose>Unspecified</pose>
		<truncated>0</truncated>
		<difficult>0</difficult>
		<bndbox>
			<xmin>1877</xmin>
			<ymin>1525</ymin>
			<xmax>1928</xmax>
			<ymax>1582</ymax>
		</bndbox>
	</object>
	<object>
		<name>graymold</name>
		<pose>Unspecified</pose>
		<truncated>0</truncated>
		<difficult>0</difficult>
		<bndbox>
			<xmin>1824</xmin>
			<ymin>1299</ymin>
			<xmax>1893</xmax>
			<ymax>1355</ymax>
		</bndbox>
	</object>
	<object>
		<name>graymold</name>
		<pose>Unspecified</pose>
		<truncated>0</truncated>
		<difficult>0</difficult>
		<bndbox>
			<xmin>1953</xmin>
			<ymin>1193</ymin>
			<xmax>1994</xmax>
			<ymax>1234</ymax>
		</bndbox>
	</object>
	<object>
		<name>graymold</name>
		<pose>Unspecified</pose>
		<truncated>0</truncated>
		<difficult>0</difficult>
		<bndbox>
			<xmin>2164</xmin>
			<ymin>993</ymin>
			<xmax>2215</xmax>
			<ymax>1059</ymax>
		</bndbox>
	</object>
	<object>
		<name>graymold</name>
		<pose>Unspecified</pose>
		<truncated>0</truncated>
		<difficult>0</difficult>
		<bndbox>
			<xmin>2212</xmin>
			<ymin>1207</ymin>
			<xmax>2261</xmax>
			<ymax>1249</ymax>
		</bndbox>
	</object>
	<object>
		<name>graymold</name>
		<pose>Unspecified</pose>
		<truncated>0</truncated>
		<difficult>0</difficult>
		<bndbox>
			<xmin>2250</xmin>
			<ymin>1195</ymin>
			<xmax>2283</xmax>
			<ymax>1228</ymax>
		</bndbox>
	</object>
	<object>
		<name>graymold</name>
		<pose>Unspecified</pose>
		<truncated>0</truncated>
		<difficult>0</difficult>
		<bndbox>
			<xmin>2479</xmin>
			<ymin>1006</ymin>
			<xmax>2525</xmax>
			<ymax>1074</ymax>
		</bndbox>
	</object>
	<object>
		<name>graymold</name>
		<pose>Unspecified</pose>
		<truncated>0</truncated>
		<difficult>0</difficult>
		<bndbox>
			<xmin>2324</xmin>
			<ymin>1373</ymin>
			<xmax>2384</xmax>
			<ymax>1440</ymax>
		</bndbox>
	</object>
	<object>
		<name>graymold</name>
		<pose>Unspecified</pose>
		<truncated>0</truncated>
		<difficult>0</difficult>
		<bndbox>
			<xmin>2566</xmin>
			<ymin>1442</ymin>
			<xmax>2619</xmax>
			<ymax>1502</ymax>
		</bndbox>
	</object>
	<object>
		<name>graymold</name>
		<pose>Unspecified</pose>
		<truncated>0</truncated>
		<difficult>0</difficult>
		<bndbox>
			<xmin>2676</xmin>
			<ymin>1492</ymin>
			<xmax>2722</xmax>
			<ymax>1539</ymax>
		</bndbox>
	</object>
	<object>
		<name>graymold</name>
		<pose>Unspecified</pose>
		<truncated>0</truncated>
		<difficult>0</difficult>
		<bndbox>
			<xmin>2690</xmin>
			<ymin>1533</ymin>
			<xmax>2737</xmax>
			<ymax>1580</ymax>
		</bndbox>
	</object>
	<object>
		<name>graymold</name>
		<pose>Unspecified</pose>
		<truncated>0</truncated>
		<difficult>0</difficult>
		<bndbox>
			<xmin>2478</xmin>
			<ymin>1690</ymin>
			<xmax>2525</xmax>
			<ymax>1737</ymax>
		</bndbox>
	</object>
	<object>
		<name>graymold</name>
		<pose>Unspecified</pose>
		<truncated>0</truncated>
		<difficult>0</difficult>
		<bndbox>
			<xmin>2407</xmin>
			<ymin>1687</ymin>
			<xmax>2487</xmax>
			<ymax>1743</ymax>
		</bndbox>
	</object>
	<object>
		<name>graymold</name>
		<pose>Unspecified</pose>
		<truncated>0</truncated>
		<difficult>0</difficult>
		<bndbox>
			<xmin>2346</xmin>
			<ymin>1704</ymin>
			<xmax>2402</xmax>
			<ymax>1758</ymax>
		</bndbox>
	</object>
	<object>
		<name>graymold</name>
		<pose>Unspecified</pose>
		<truncated>0</truncated>
		<difficult>0</difficult>
		<bndbox>
			<xmin>2535</xmin>
			<ymin>1825</ymin>
			<xmax>2599</xmax>
			<ymax>1872</ymax>
		</bndbox>
	</object>
	<object>
		<name>graymold</name>
		<pose>Unspecified</pose>
		<truncated>0</truncated>
		<difficult>0</difficult>
		<bndbox>
			<xmin>2378</xmin>
			<ymin>1900</ymin>
			<xmax>2423</xmax>
			<ymax>1944</ymax>
		</bndbox>
	</object>
	<object>
		<name>graymold</name>
		<pose>Unspecified</pose>
		<truncated>0</truncated>
		<difficult>0</difficult>
		<bndbox>
			<xmin>2346</xmin>
			<ymin>1999</ymin>
			<xmax>2419</xmax>
			<ymax>2039</ymax>
		</bndbox>
	</object>
	<object>
		<name>graymold</name>
		<pose>Unspecified</pose>
		<truncated>0</truncated>
		<difficult>0</difficult>
		<bndbox>
			<xmin>2443</xmin>
			<ymin>2107</ymin>
			<xmax>2505</xmax>
			<ymax>2155</ymax>
		</bndbox>
	</object>
	<object>
		<name>graymold</name>
		<pose>Unspecified</pose>
		<truncated>0</truncated>
		<difficult>0</difficult>
		<bndbox>
			<xmin>1976</xmin>
			<ymin>1936</ymin>
			<xmax>2017</xmax>
			<ymax>1983</ymax>
		</bndbox>
	</object>
	<object>
		<name>graymold</name>
		<pose>Unspecified</pose>
		<truncated>0</truncated>
		<difficult>0</difficult>
		<bndbox>
			<xmin>2036</xmin>
			<ymin>1747</ymin>
			<xmax>2096</xmax>
			<ymax>1790</ymax>
		</bndbox>
	</object>
	<object>
		<name>graymold</name>
		<pose>Unspecified</pose>
		<truncated>0</truncated>
		<difficult>0</difficult>
		<bndbox>
			<xmin>2254</xmin>
			<ymin>1492</ymin>
			<xmax>2288</xmax>
			<ymax>1534</ymax>
		</bndbox>
	</object>
	<object>
		<name>graymold</name>
		<pose>Unspecified</pose>
		<truncated>0</truncated>
		<difficult>0</difficult>
		<bndbox>
			<xmin>2356</xmin>
			<ymin>1523</ymin>
			<xmax>2407</xmax>
			<ymax>1572</ymax>
		</bndbox>
	</object>
	<object>
		<name>graymold</name>
		<pose>Unspecified</pose>
		<truncated>0</truncated>
		<difficult>0</difficult>
		<bndbox>
			<xmin>1285</xmin>
			<ymin>2019</ymin>
			<xmax>1328</xmax>
			<ymax>2059</ymax>
		</bndbox>
	</object>
	<object>
		<name>graymold</name>
		<pose>Unspecified</pose>
		<truncated>1</truncated>
		<difficult>0</difficult>
		<bndbox>
			<xmin>1412</xmin>
			<ymin>2174</ymin>
			<xmax>1457</xmax>
			<ymax>2200</ymax>
		</bndbox>
	</object>
	<object>
		<name>graymold</name>
		<pose>Unspecified</pose>
		<truncated>0</truncated>
		<difficult>0</difficult>
		<bndbox>
			<xmin>1632</xmin>
			<ymin>1788</ymin>
			<xmax>1695</xmax>
			<ymax>1831</ymax>
		</bndbox>
	</object>
	<object>
		<name>graymold</name>
		<pose>Unspecified</pose>
		<truncated>0</truncated>
		<difficult>0</difficult>
		<bndbox>
			<xmin>2370</xmin>
			<ymin>436</ymin>
			<xmax>2419</xmax>
			<ymax>479</ymax>
		</bndbox>
	</object>
	<object>
		<name>graymold</name>
		<pose>Unspecified</pose>
		<truncated>0</truncated>
		<difficult>0</difficult>
		<bndbox>
			<xmin>2496</xmin>
			<ymin>361</ymin>
			<xmax>2547</xmax>
			<ymax>413</ymax>
		</bndbox>
	</object>
	<object>
		<name>graymold</name>
		<pose>Unspecified</pose>
		<truncated>0</truncated>
		<difficult>0</difficult>
		<bndbox>
			<xmin>2438</xmin>
			<ymin>62</ymin>
			<xmax>2488</xmax>
			<ymax>117</ymax>
		</bndbox>
	</object>
	<object>
		<name>graymold</name>
		<pose>Unspecified</pose>
		<truncated>0</truncated>
		<difficult>0</difficult>
		<bndbox>
			<xmin>2544</xmin>
			<ymin>81</ymin>
			<xmax>2600</xmax>
			<ymax>167</ymax>
		</bndbox>
	</object>
	<object>
		<name>graymold</name>
		<pose>Unspecified</pose>
		<truncated>0</truncated>
		<difficult>0</difficult>
		<bndbox>
			<xmin>1699</xmin>
			<ymin>188</ymin>
			<xmax>1749</xmax>
			<ymax>254</ymax>
		</bndbox>
	</object>
	<object>
		<name>graymold</name>
		<pose>Unspecified</pose>
		<truncated>1</truncated>
		<difficult>0</difficult>
		<bndbox>
			<xmin>1</xmin>
			<ymin>250</ymin>
			<xmax>74</xmax>
			<ymax>303</ymax>
		</bndbox>
	</object>
	<object>
		<name>graymold</name>
		<pose>Unspecified</pose>
		<truncated>0</truncated>
		<difficult>0</difficult>
		<bndbox>
			<xmin>222</xmin>
			<ymin>573</ymin>
			<xmax>263</xmax>
			<ymax>621</ymax>
		</bndbox>
	</object>
	<object>
		<name>graymold</name>
		<pose>Unspecified</pose>
		<truncated>0</truncated>
		<difficult>0</difficult>
		<bndbox>
			<xmin>217</xmin>
			<ymin>618</ymin>
			<xmax>268</xmax>
			<ymax>664</ymax>
		</bndbox>
	</object>
	<object>
		<name>graymold</name>
		<pose>Unspecified</pose>
		<truncated>0</truncated>
		<difficult>0</difficult>
		<bndbox>
			<xmin>353</xmin>
			<ymin>323</ymin>
			<xmax>409</xmax>
			<ymax>369</ymax>
		</bndbox>
	</object>
	<object>
		<name>graymold</name>
		<pose>Unspecified</pose>
		<truncated>0</truncated>
		<difficult>0</difficult>
		<bndbox>
			<xmin>830</xmin>
			<ymin>199</ymin>
			<xmax>876</xmax>
			<ymax>267</ymax>
		</bndbox>
	</object>
	<object>
		<name>graymold</name>
		<pose>Unspecified</pose>
		<truncated>0</truncated>
		<difficult>0</difficult>
		<bndbox>
			<xmin>944</xmin>
			<ymin>169</ymin>
			<xmax>982</xmax>
			<ymax>212</ymax>
		</bndbox>
	</object>
</annotation>
