<annotation>
	<folder>images</folder>
	<filename>572.jpg</filename>
	<path>H:\paper-2\spores\images\572.jpg</path>
	<source>
		<database>Unknown</database>
	</source>
	<size>
		<width>2748</width>
		<height>2200</height>
		<depth>3</depth>
	</size>
	<segmented>0</segmented>
	<object>
		<name>graymold</name>
		<pose>Unspecified</pose>
		<truncated>0</truncated>
		<difficult>0</difficult>
		<bndbox>
			<xmin>464</xmin>
			<ymin>1856</ymin>
			<xmax>512</xmax>
			<ymax>1897</ymax>
		</bndbox>
	</object>
	<object>
		<name>graymold</name>
		<pose>Unspecified</pose>
		<truncated>1</truncated>
		<difficult>0</difficult>
		<bndbox>
			<xmin>1</xmin>
			<ymin>1637</ymin>
			<xmax>42</xmax>
			<ymax>1693</ymax>
		</bndbox>
	</object>
	<object>
		<name>graymold</name>
		<pose>Unspecified</pose>
		<truncated>0</truncated>
		<difficult>0</difficult>
		<bndbox>
			<xmin>8</xmin>
			<ymin>1604</ymin>
			<xmax>50</xmax>
			<ymax>1642</ymax>
		</bndbox>
	</object>
	<object>
		<name>graymold</name>
		<pose>Unspecified</pose>
		<truncated>0</truncated>
		<difficult>0</difficult>
		<bndbox>
			<xmin>72</xmin>
			<ymin>1467</ymin>
			<xmax>117</xmax>
			<ymax>1509</ymax>
		</bndbox>
	</object>
	<object>
		<name>graymold</name>
		<pose>Unspecified</pose>
		<truncated>0</truncated>
		<difficult>0</difficult>
		<bndbox>
			<xmin>91</xmin>
			<ymin>1433</ymin>
			<xmax>133</xmax>
			<ymax>1474</ymax>
		</bndbox>
	</object>
	<object>
		<name>graymold</name>
		<pose>Unspecified</pose>
		<truncated>0</truncated>
		<difficult>0</difficult>
		<bndbox>
			<xmin>875</xmin>
			<ymin>1791</ymin>
			<xmax>918</xmax>
			<ymax>1844</ymax>
		</bndbox>
	</object>
	<object>
		<name>graymold</name>
		<pose>Unspecified</pose>
		<truncated>0</truncated>
		<difficult>0</difficult>
		<bndbox>
			<xmin>1303</xmin>
			<ymin>1692</ymin>
			<xmax>1345</xmax>
			<ymax>1738</ymax>
		</bndbox>
	</object>
	<object>
		<name>graymold</name>
		<pose>Unspecified</pose>
		<truncated>0</truncated>
		<difficult>0</difficult>
		<bndbox>
			<xmin>1339</xmin>
			<ymin>1513</ymin>
			<xmax>1408</xmax>
			<ymax>1555</ymax>
		</bndbox>
	</object>
	<object>
		<name>graymold</name>
		<pose>Unspecified</pose>
		<truncated>0</truncated>
		<difficult>0</difficult>
		<bndbox>
			<xmin>1279</xmin>
			<ymin>1415</ymin>
			<xmax>1334</xmax>
			<ymax>1460</ymax>
		</bndbox>
	</object>
	<object>
		<name>graymold</name>
		<pose>Unspecified</pose>
		<truncated>0</truncated>
		<difficult>0</difficult>
		<bndbox>
			<xmin>1250</xmin>
			<ymin>1209</ymin>
			<xmax>1298</xmax>
			<ymax>1248</ymax>
		</bndbox>
	</object>
	<object>
		<name>graymold</name>
		<pose>Unspecified</pose>
		<truncated>0</truncated>
		<difficult>0</difficult>
		<bndbox>
			<xmin>1269</xmin>
			<ymin>1167</ymin>
			<xmax>1317</xmax>
			<ymax>1214</ymax>
		</bndbox>
	</object>
	<object>
		<name>graymold</name>
		<pose>Unspecified</pose>
		<truncated>0</truncated>
		<difficult>0</difficult>
		<bndbox>
			<xmin>1269</xmin>
			<ymin>1124</ymin>
			<xmax>1317</xmax>
			<ymax>1170</ymax>
		</bndbox>
	</object>
	<object>
		<name>graymold</name>
		<pose>Unspecified</pose>
		<truncated>0</truncated>
		<difficult>0</difficult>
		<bndbox>
			<xmin>1356</xmin>
			<ymin>1006</ymin>
			<xmax>1391</xmax>
			<ymax>1057</ymax>
		</bndbox>
	</object>
	<object>
		<name>graymold</name>
		<pose>Unspecified</pose>
		<truncated>0</truncated>
		<difficult>0</difficult>
		<bndbox>
			<xmin>1454</xmin>
			<ymin>1182</ymin>
			<xmax>1501</xmax>
			<ymax>1242</ymax>
		</bndbox>
	</object>
	<object>
		<name>graymold</name>
		<pose>Unspecified</pose>
		<truncated>0</truncated>
		<difficult>0</difficult>
		<bndbox>
			<xmin>1003</xmin>
			<ymin>776</ymin>
			<xmax>1047</xmax>
			<ymax>833</ymax>
		</bndbox>
	</object>
	<object>
		<name>graymold</name>
		<pose>Unspecified</pose>
		<truncated>0</truncated>
		<difficult>0</difficult>
		<bndbox>
			<xmin>1041</xmin>
			<ymin>819</ymin>
			<xmax>1092</xmax>
			<ymax>879</ymax>
		</bndbox>
	</object>
	<object>
		<name>graymold</name>
		<pose>Unspecified</pose>
		<truncated>0</truncated>
		<difficult>0</difficult>
		<bndbox>
			<xmin>1171</xmin>
			<ymin>532</ymin>
			<xmax>1231</xmax>
			<ymax>581</ymax>
		</bndbox>
	</object>
	<object>
		<name>graymold</name>
		<pose>Unspecified</pose>
		<truncated>0</truncated>
		<difficult>0</difficult>
		<bndbox>
			<xmin>1231</xmin>
			<ymin>303</ymin>
			<xmax>1276</xmax>
			<ymax>346</ymax>
		</bndbox>
	</object>
	<object>
		<name>graymold</name>
		<pose>Unspecified</pose>
		<truncated>0</truncated>
		<difficult>0</difficult>
		<bndbox>
			<xmin>1404</xmin>
			<ymin>249</ymin>
			<xmax>1451</xmax>
			<ymax>306</ymax>
		</bndbox>
	</object>
	<object>
		<name>graymold</name>
		<pose>Unspecified</pose>
		<truncated>0</truncated>
		<difficult>0</difficult>
		<bndbox>
			<xmin>1180</xmin>
			<ymin>83</ymin>
			<xmax>1239</xmax>
			<ymax>117</ymax>
		</bndbox>
	</object>
	<object>
		<name>graymold</name>
		<pose>Unspecified</pose>
		<truncated>0</truncated>
		<difficult>0</difficult>
		<bndbox>
			<xmin>1330</xmin>
			<ymin>69</ymin>
			<xmax>1374</xmax>
			<ymax>122</ymax>
		</bndbox>
	</object>
	<object>
		<name>graymold</name>
		<pose>Unspecified</pose>
		<truncated>0</truncated>
		<difficult>0</difficult>
		<bndbox>
			<xmin>1561</xmin>
			<ymin>12</ymin>
			<xmax>1586</xmax>
			<ymax>41</ymax>
		</bndbox>
	</object>
	<object>
		<name>graymold</name>
		<pose>Unspecified</pose>
		<truncated>0</truncated>
		<difficult>0</difficult>
		<bndbox>
			<xmin>1940</xmin>
			<ymin>19</ymin>
			<xmax>1976</xmax>
			<ymax>56</ymax>
		</bndbox>
	</object>
	<object>
		<name>graymold</name>
		<pose>Unspecified</pose>
		<truncated>0</truncated>
		<difficult>0</difficult>
		<bndbox>
			<xmin>2051</xmin>
			<ymin>576</ymin>
			<xmax>2094</xmax>
			<ymax>611</ymax>
		</bndbox>
	</object>
	<object>
		<name>graymold</name>
		<pose>Unspecified</pose>
		<truncated>0</truncated>
		<difficult>0</difficult>
		<bndbox>
			<xmin>1869</xmin>
			<ymin>614</ymin>
			<xmax>1935</xmax>
			<ymax>668</ymax>
		</bndbox>
	</object>
	<object>
		<name>graymold</name>
		<pose>Unspecified</pose>
		<truncated>0</truncated>
		<difficult>0</difficult>
		<bndbox>
			<xmin>1853</xmin>
			<ymin>660</ymin>
			<xmax>1888</xmax>
			<ymax>698</ymax>
		</bndbox>
	</object>
	<object>
		<name>graymold</name>
		<pose>Unspecified</pose>
		<truncated>0</truncated>
		<difficult>0</difficult>
		<bndbox>
			<xmin>1802</xmin>
			<ymin>667</ymin>
			<xmax>1841</xmax>
			<ymax>709</ymax>
		</bndbox>
	</object>
	<object>
		<name>graymold</name>
		<pose>Unspecified</pose>
		<truncated>0</truncated>
		<difficult>0</difficult>
		<bndbox>
			<xmin>1828</xmin>
			<ymin>698</ymin>
			<xmax>1875</xmax>
			<ymax>738</ymax>
		</bndbox>
	</object>
	<object>
		<name>graymold</name>
		<pose>Unspecified</pose>
		<truncated>0</truncated>
		<difficult>0</difficult>
		<bndbox>
			<xmin>2017</xmin>
			<ymin>840</ymin>
			<xmax>2033</xmax>
			<ymax>861</ymax>
		</bndbox>
	</object>
	<object>
		<name>graymold</name>
		<pose>Unspecified</pose>
		<truncated>0</truncated>
		<difficult>0</difficult>
		<bndbox>
			<xmin>2186</xmin>
			<ymin>1040</ymin>
			<xmax>2235</xmax>
			<ymax>1099</ymax>
		</bndbox>
	</object>
	<object>
		<name>graymold</name>
		<pose>Unspecified</pose>
		<truncated>0</truncated>
		<difficult>0</difficult>
		<bndbox>
			<xmin>1251</xmin>
			<ymin>2120</ymin>
			<xmax>1287</xmax>
			<ymax>2151</ymax>
		</bndbox>
	</object>
	<object>
		<name>graymold</name>
		<pose>Unspecified</pose>
		<truncated>0</truncated>
		<difficult>0</difficult>
		<bndbox>
			<xmin>1657</xmin>
			<ymin>1940</ymin>
			<xmax>1710</xmax>
			<ymax>1984</ymax>
		</bndbox>
	</object>
	<object>
		<name>graymold</name>
		<pose>Unspecified</pose>
		<truncated>0</truncated>
		<difficult>0</difficult>
		<bndbox>
			<xmin>1734</xmin>
			<ymin>1792</ymin>
			<xmax>1793</xmax>
			<ymax>1846</ymax>
		</bndbox>
	</object>
	<object>
		<name>graymold</name>
		<pose>Unspecified</pose>
		<truncated>0</truncated>
		<difficult>0</difficult>
		<bndbox>
			<xmin>1701</xmin>
			<ymin>1546</ymin>
			<xmax>1749</xmax>
			<ymax>1612</ymax>
		</bndbox>
	</object>
	<object>
		<name>graymold</name>
		<pose>Unspecified</pose>
		<truncated>0</truncated>
		<difficult>0</difficult>
		<bndbox>
			<xmin>1748</xmin>
			<ymin>1597</ymin>
			<xmax>1805</xmax>
			<ymax>1635</ymax>
		</bndbox>
	</object>
	<object>
		<name>graymold</name>
		<pose>Unspecified</pose>
		<truncated>0</truncated>
		<difficult>0</difficult>
		<bndbox>
			<xmin>1994</xmin>
			<ymin>1525</ymin>
			<xmax>2047</xmax>
			<ymax>1575</ymax>
		</bndbox>
	</object>
	<object>
		<name>graymold</name>
		<pose>Unspecified</pose>
		<truncated>0</truncated>
		<difficult>0</difficult>
		<bndbox>
			<xmin>2001</xmin>
			<ymin>1569</ymin>
			<xmax>2049</xmax>
			<ymax>1634</ymax>
		</bndbox>
	</object>
	<object>
		<name>graymold</name>
		<pose>Unspecified</pose>
		<truncated>0</truncated>
		<difficult>0</difficult>
		<bndbox>
			<xmin>1952</xmin>
			<ymin>1673</ymin>
			<xmax>1996</xmax>
			<ymax>1723</ymax>
		</bndbox>
	</object>
	<object>
		<name>graymold</name>
		<pose>Unspecified</pose>
		<truncated>0</truncated>
		<difficult>0</difficult>
		<bndbox>
			<xmin>1960</xmin>
			<ymin>1718</ymin>
			<xmax>2003</xmax>
			<ymax>1748</ymax>
		</bndbox>
	</object>
	<object>
		<name>graymold</name>
		<pose>Unspecified</pose>
		<truncated>0</truncated>
		<difficult>0</difficult>
		<bndbox>
			<xmin>1972</xmin>
			<ymin>1766</ymin>
			<xmax>2015</xmax>
			<ymax>1811</ymax>
		</bndbox>
	</object>
	<object>
		<name>graymold</name>
		<pose>Unspecified</pose>
		<truncated>0</truncated>
		<difficult>0</difficult>
		<bndbox>
			<xmin>2237</xmin>
			<ymin>1600</ymin>
			<xmax>2283</xmax>
			<ymax>1649</ymax>
		</bndbox>
	</object>
	<object>
		<name>graymold</name>
		<pose>Unspecified</pose>
		<truncated>0</truncated>
		<difficult>0</difficult>
		<bndbox>
			<xmin>1092</xmin>
			<ymin>767</ymin>
			<xmax>1131</xmax>
			<ymax>825</ymax>
		</bndbox>
	</object>
	<object>
		<name>graymold</name>
		<pose>Unspecified</pose>
		<truncated>0</truncated>
		<difficult>0</difficult>
		<bndbox>
			<xmin>46</xmin>
			<ymin>1111</ymin>
			<xmax>89</xmax>
			<ymax>1158</ymax>
		</bndbox>
	</object>
	<object>
		<name>graymold</name>
		<pose>Unspecified</pose>
		<truncated>0</truncated>
		<difficult>0</difficult>
		<bndbox>
			<xmin>358</xmin>
			<ymin>1192</ymin>
			<xmax>407</xmax>
			<ymax>1231</ymax>
		</bndbox>
	</object>
	<object>
		<name>graymold</name>
		<pose>Unspecified</pose>
		<truncated>0</truncated>
		<difficult>0</difficult>
		<bndbox>
			<xmin>487</xmin>
			<ymin>884</ymin>
			<xmax>542</xmax>
			<ymax>929</ymax>
		</bndbox>
	</object>
	<object>
		<name>graymold</name>
		<pose>Unspecified</pose>
		<truncated>0</truncated>
		<difficult>0</difficult>
		<bndbox>
			<xmin>43</xmin>
			<ymin>899</ymin>
			<xmax>91</xmax>
			<ymax>949</ymax>
		</bndbox>
	</object>
	<object>
		<name>graymold</name>
		<pose>Unspecified</pose>
		<truncated>0</truncated>
		<difficult>0</difficult>
		<bndbox>
			<xmin>110</xmin>
			<ymin>795</ymin>
			<xmax>154</xmax>
			<ymax>855</ymax>
		</bndbox>
	</object>
	<object>
		<name>graymold</name>
		<pose>Unspecified</pose>
		<truncated>0</truncated>
		<difficult>0</difficult>
		<bndbox>
			<xmin>149</xmin>
			<ymin>799</ymin>
			<xmax>189</xmax>
			<ymax>837</ymax>
		</bndbox>
	</object>
	<object>
		<name>graymold</name>
		<pose>Unspecified</pose>
		<truncated>0</truncated>
		<difficult>0</difficult>
		<bndbox>
			<xmin>156</xmin>
			<ymin>763</ymin>
			<xmax>203</xmax>
			<ymax>810</ymax>
		</bndbox>
	</object>
	<object>
		<name>graymold</name>
		<pose>Unspecified</pose>
		<truncated>0</truncated>
		<difficult>0</difficult>
		<bndbox>
			<xmin>466</xmin>
			<ymin>707</ymin>
			<xmax>531</xmax>
			<ymax>754</ymax>
		</bndbox>
	</object>
	<object>
		<name>graymold</name>
		<pose>Unspecified</pose>
		<truncated>0</truncated>
		<difficult>0</difficult>
		<bndbox>
			<xmin>147</xmin>
			<ymin>445</ymin>
			<xmax>215</xmax>
			<ymax>491</ymax>
		</bndbox>
	</object>
	<object>
		<name>graymold</name>
		<pose>Unspecified</pose>
		<truncated>0</truncated>
		<difficult>0</difficult>
		<bndbox>
			<xmin>343</xmin>
			<ymin>474</ymin>
			<xmax>401</xmax>
			<ymax>544</ymax>
		</bndbox>
	</object>
	<object>
		<name>graymold</name>
		<pose>Unspecified</pose>
		<truncated>0</truncated>
		<difficult>0</difficult>
		<bndbox>
			<xmin>404</xmin>
			<ymin>451</ymin>
			<xmax>443</xmax>
			<ymax>492</ymax>
		</bndbox>
	</object>
	<object>
		<name>graymold</name>
		<pose>Unspecified</pose>
		<truncated>0</truncated>
		<difficult>0</difficult>
		<bndbox>
			<xmin>223</xmin>
			<ymin>283</ymin>
			<xmax>269</xmax>
			<ymax>341</ymax>
		</bndbox>
	</object>
	<object>
		<name>graymold</name>
		<pose>Unspecified</pose>
		<truncated>0</truncated>
		<difficult>0</difficult>
		<bndbox>
			<xmin>754</xmin>
			<ymin>73</ymin>
			<xmax>795</xmax>
			<ymax>118</ymax>
		</bndbox>
	</object>
	<object>
		<name>graymold</name>
		<pose>Unspecified</pose>
		<truncated>0</truncated>
		<difficult>0</difficult>
		<bndbox>
			<xmin>2090</xmin>
			<ymin>1930</ymin>
			<xmax>2138</xmax>
			<ymax>1987</ymax>
		</bndbox>
	</object>
	<object>
		<name>graymold</name>
		<pose>Unspecified</pose>
		<truncated>0</truncated>
		<difficult>0</difficult>
		<bndbox>
			<xmin>2124</xmin>
			<ymin>1956</ymin>
			<xmax>2197</xmax>
			<ymax>2010</ymax>
		</bndbox>
	</object>
	<object>
		<name>graymold</name>
		<pose>Unspecified</pose>
		<truncated>0</truncated>
		<difficult>0</difficult>
		<bndbox>
			<xmin>2248</xmin>
			<ymin>1924</ymin>
			<xmax>2296</xmax>
			<ymax>1980</ymax>
		</bndbox>
	</object>
	<object>
		<name>graymold</name>
		<pose>Unspecified</pose>
		<truncated>0</truncated>
		<difficult>0</difficult>
		<bndbox>
			<xmin>2672</xmin>
			<ymin>1911</ymin>
			<xmax>2717</xmax>
			<ymax>1958</ymax>
		</bndbox>
	</object>
	<object>
		<name>graymold</name>
		<pose>Unspecified</pose>
		<truncated>0</truncated>
		<difficult>0</difficult>
		<bndbox>
			<xmin>2526</xmin>
			<ymin>565</ymin>
			<xmax>2579</xmax>
			<ymax>652</ymax>
		</bndbox>
	</object>
	<object>
		<name>graymold</name>
		<pose>Unspecified</pose>
		<truncated>0</truncated>
		<difficult>0</difficult>
		<bndbox>
			<xmin>2680</xmin>
			<ymin>402</ymin>
			<xmax>2728</xmax>
			<ymax>449</ymax>
		</bndbox>
	</object>
	<object>
		<name>graymold</name>
		<pose>Unspecified</pose>
		<truncated>0</truncated>
		<difficult>0</difficult>
		<bndbox>
			<xmin>2352</xmin>
			<ymin>127</ymin>
			<xmax>2405</xmax>
			<ymax>182</ymax>
		</bndbox>
	</object>
	<object>
		<name>graymold</name>
		<pose>Unspecified</pose>
		<truncated>0</truncated>
		<difficult>0</difficult>
		<bndbox>
			<xmin>834</xmin>
			<ymin>997</ymin>
			<xmax>854</xmax>
			<ymax>1029</ymax>
		</bndbox>
	</object>
</annotation>
