<annotation>
	<folder>images</folder>
	<filename>627.jpg</filename>
	<path>H:\paper-2\spores\images\627.jpg</path>
	<source>
		<database>Unknown</database>
	</source>
	<size>
		<width>2748</width>
		<height>2200</height>
		<depth>3</depth>
	</size>
	<segmented>0</segmented>
	<object>
		<name>graymold</name>
		<pose>Unspecified</pose>
		<truncated>0</truncated>
		<difficult>0</difficult>
		<bndbox>
			<xmin>15</xmin>
			<ymin>1999</ymin>
			<xmax>64</xmax>
			<ymax>2060</ymax>
		</bndbox>
	</object>
	<object>
		<name>graymold</name>
		<pose>Unspecified</pose>
		<truncated>0</truncated>
		<difficult>0</difficult>
		<bndbox>
			<xmin>74</xmin>
			<ymin>1934</ymin>
			<xmax>151</xmax>
			<ymax>2004</ymax>
		</bndbox>
	</object>
	<object>
		<name>graymold</name>
		<pose>Unspecified</pose>
		<truncated>0</truncated>
		<difficult>0</difficult>
		<bndbox>
			<xmin>70</xmin>
			<ymin>2034</ymin>
			<xmax>120</xmax>
			<ymax>2079</ymax>
		</bndbox>
	</object>
	<object>
		<name>graymold</name>
		<pose>Unspecified</pose>
		<truncated>0</truncated>
		<difficult>0</difficult>
		<bndbox>
			<xmin>161</xmin>
			<ymin>2111</ymin>
			<xmax>209</xmax>
			<ymax>2154</ymax>
		</bndbox>
	</object>
	<object>
		<name>graymold</name>
		<pose>Unspecified</pose>
		<truncated>0</truncated>
		<difficult>0</difficult>
		<bndbox>
			<xmin>156</xmin>
			<ymin>2157</ymin>
			<xmax>204</xmax>
			<ymax>2199</ymax>
		</bndbox>
	</object>
	<object>
		<name>graymold</name>
		<pose>Unspecified</pose>
		<truncated>0</truncated>
		<difficult>0</difficult>
		<bndbox>
			<xmin>127</xmin>
			<ymin>1691</ymin>
			<xmax>181</xmax>
			<ymax>1726</ymax>
		</bndbox>
	</object>
	<object>
		<name>graymold</name>
		<pose>Unspecified</pose>
		<truncated>0</truncated>
		<difficult>0</difficult>
		<bndbox>
			<xmin>136</xmin>
			<ymin>1728</ymin>
			<xmax>176</xmax>
			<ymax>1784</ymax>
		</bndbox>
	</object>
	<object>
		<name>graymold</name>
		<pose>Unspecified</pose>
		<truncated>0</truncated>
		<difficult>0</difficult>
		<bndbox>
			<xmin>64</xmin>
			<ymin>1761</ymin>
			<xmax>134</xmax>
			<ymax>1809</ymax>
		</bndbox>
	</object>
	<object>
		<name>graymold</name>
		<pose>Unspecified</pose>
		<truncated>0</truncated>
		<difficult>0</difficult>
		<bndbox>
			<xmin>278</xmin>
			<ymin>1716</ymin>
			<xmax>344</xmax>
			<ymax>1760</ymax>
		</bndbox>
	</object>
	<object>
		<name>graymold</name>
		<pose>Unspecified</pose>
		<truncated>0</truncated>
		<difficult>0</difficult>
		<bndbox>
			<xmin>515</xmin>
			<ymin>1750</ymin>
			<xmax>567</xmax>
			<ymax>1823</ymax>
		</bndbox>
	</object>
	<object>
		<name>graymold</name>
		<pose>Unspecified</pose>
		<truncated>0</truncated>
		<difficult>0</difficult>
		<bndbox>
			<xmin>401</xmin>
			<ymin>1660</ymin>
			<xmax>434</xmax>
			<ymax>1696</ymax>
		</bndbox>
	</object>
	<object>
		<name>graymold</name>
		<pose>Unspecified</pose>
		<truncated>0</truncated>
		<difficult>0</difficult>
		<bndbox>
			<xmin>419</xmin>
			<ymin>1608</ymin>
			<xmax>461</xmax>
			<ymax>1653</ymax>
		</bndbox>
	</object>
	<object>
		<name>graymold</name>
		<pose>Unspecified</pose>
		<truncated>0</truncated>
		<difficult>0</difficult>
		<bndbox>
			<xmin>444</xmin>
			<ymin>1577</ymin>
			<xmax>490</xmax>
			<ymax>1616</ymax>
		</bndbox>
	</object>
	<object>
		<name>graymold</name>
		<pose>Unspecified</pose>
		<truncated>0</truncated>
		<difficult>0</difficult>
		<bndbox>
			<xmin>461</xmin>
			<ymin>1613</ymin>
			<xmax>502</xmax>
			<ymax>1682</ymax>
		</bndbox>
	</object>
	<object>
		<name>graymold</name>
		<pose>Unspecified</pose>
		<truncated>0</truncated>
		<difficult>0</difficult>
		<bndbox>
			<xmin>588</xmin>
			<ymin>1462</ymin>
			<xmax>661</xmax>
			<ymax>1507</ymax>
		</bndbox>
	</object>
	<object>
		<name>graymold</name>
		<pose>Unspecified</pose>
		<truncated>0</truncated>
		<difficult>0</difficult>
		<bndbox>
			<xmin>614</xmin>
			<ymin>1492</ymin>
			<xmax>678</xmax>
			<ymax>1532</ymax>
		</bndbox>
	</object>
	<object>
		<name>graymold</name>
		<pose>Unspecified</pose>
		<truncated>0</truncated>
		<difficult>0</difficult>
		<bndbox>
			<xmin>409</xmin>
			<ymin>1350</ymin>
			<xmax>465</xmax>
			<ymax>1400</ymax>
		</bndbox>
	</object>
	<object>
		<name>graymold</name>
		<pose>Unspecified</pose>
		<truncated>0</truncated>
		<difficult>0</difficult>
		<bndbox>
			<xmin>821</xmin>
			<ymin>1813</ymin>
			<xmax>872</xmax>
			<ymax>1890</ymax>
		</bndbox>
	</object>
	<object>
		<name>graymold</name>
		<pose>Unspecified</pose>
		<truncated>0</truncated>
		<difficult>0</difficult>
		<bndbox>
			<xmin>709</xmin>
			<ymin>1920</ymin>
			<xmax>773</xmax>
			<ymax>1962</ymax>
		</bndbox>
	</object>
	<object>
		<name>graymold</name>
		<pose>Unspecified</pose>
		<truncated>0</truncated>
		<difficult>0</difficult>
		<bndbox>
			<xmin>881</xmin>
			<ymin>1823</ymin>
			<xmax>940</xmax>
			<ymax>1871</ymax>
		</bndbox>
	</object>
	<object>
		<name>graymold</name>
		<pose>Unspecified</pose>
		<truncated>0</truncated>
		<difficult>0</difficult>
		<bndbox>
			<xmin>939</xmin>
			<ymin>1836</ymin>
			<xmax>986</xmax>
			<ymax>1889</ymax>
		</bndbox>
	</object>
	<object>
		<name>graymold</name>
		<pose>Unspecified</pose>
		<truncated>0</truncated>
		<difficult>0</difficult>
		<bndbox>
			<xmin>1006</xmin>
			<ymin>1748</ymin>
			<xmax>1051</xmax>
			<ymax>1806</ymax>
		</bndbox>
	</object>
	<object>
		<name>graymold</name>
		<pose>Unspecified</pose>
		<truncated>0</truncated>
		<difficult>0</difficult>
		<bndbox>
			<xmin>967</xmin>
			<ymin>1861</ymin>
			<xmax>1037</xmax>
			<ymax>1915</ymax>
		</bndbox>
	</object>
	<object>
		<name>graymold</name>
		<pose>Unspecified</pose>
		<truncated>0</truncated>
		<difficult>0</difficult>
		<bndbox>
			<xmin>991</xmin>
			<ymin>1879</ymin>
			<xmax>1054</xmax>
			<ymax>1929</ymax>
		</bndbox>
	</object>
	<object>
		<name>graymold</name>
		<pose>Unspecified</pose>
		<truncated>0</truncated>
		<difficult>0</difficult>
		<bndbox>
			<xmin>1004</xmin>
			<ymin>2123</ymin>
			<xmax>1047</xmax>
			<ymax>2163</ymax>
		</bndbox>
	</object>
	<object>
		<name>graymold</name>
		<pose>Unspecified</pose>
		<truncated>0</truncated>
		<difficult>0</difficult>
		<bndbox>
			<xmin>1032</xmin>
			<ymin>2097</ymin>
			<xmax>1078</xmax>
			<ymax>2138</ymax>
		</bndbox>
	</object>
	<object>
		<name>graymold</name>
		<pose>Unspecified</pose>
		<truncated>0</truncated>
		<difficult>0</difficult>
		<bndbox>
			<xmin>1227</xmin>
			<ymin>1887</ymin>
			<xmax>1265</xmax>
			<ymax>1935</ymax>
		</bndbox>
	</object>
	<object>
		<name>graymold</name>
		<pose>Unspecified</pose>
		<truncated>0</truncated>
		<difficult>0</difficult>
		<bndbox>
			<xmin>1275</xmin>
			<ymin>1974</ymin>
			<xmax>1332</xmax>
			<ymax>2016</ymax>
		</bndbox>
	</object>
	<object>
		<name>graymold</name>
		<pose>Unspecified</pose>
		<truncated>0</truncated>
		<difficult>0</difficult>
		<bndbox>
			<xmin>1336</xmin>
			<ymin>2089</ymin>
			<xmax>1386</xmax>
			<ymax>2138</ymax>
		</bndbox>
	</object>
	<object>
		<name>graymold</name>
		<pose>Unspecified</pose>
		<truncated>0</truncated>
		<difficult>0</difficult>
		<bndbox>
			<xmin>1558</xmin>
			<ymin>1656</ymin>
			<xmax>1597</xmax>
			<ymax>1728</ymax>
		</bndbox>
	</object>
	<object>
		<name>graymold</name>
		<pose>Unspecified</pose>
		<truncated>0</truncated>
		<difficult>0</difficult>
		<bndbox>
			<xmin>1630</xmin>
			<ymin>1751</ymin>
			<xmax>1671</xmax>
			<ymax>1794</ymax>
		</bndbox>
	</object>
	<object>
		<name>graymold</name>
		<pose>Unspecified</pose>
		<truncated>0</truncated>
		<difficult>0</difficult>
		<bndbox>
			<xmin>1788</xmin>
			<ymin>1713</ymin>
			<xmax>1843</xmax>
			<ymax>1755</ymax>
		</bndbox>
	</object>
	<object>
		<name>graymold</name>
		<pose>Unspecified</pose>
		<truncated>0</truncated>
		<difficult>0</difficult>
		<bndbox>
			<xmin>1281</xmin>
			<ymin>1468</ymin>
			<xmax>1322</xmax>
			<ymax>1522</ymax>
		</bndbox>
	</object>
	<object>
		<name>graymold</name>
		<pose>Unspecified</pose>
		<truncated>0</truncated>
		<difficult>0</difficult>
		<bndbox>
			<xmin>1247</xmin>
			<ymin>1492</ymin>
			<xmax>1281</xmax>
			<ymax>1535</ymax>
		</bndbox>
	</object>
	<object>
		<name>graymold</name>
		<pose>Unspecified</pose>
		<truncated>0</truncated>
		<difficult>0</difficult>
		<bndbox>
			<xmin>1274</xmin>
			<ymin>1521</ymin>
			<xmax>1314</xmax>
			<ymax>1566</ymax>
		</bndbox>
	</object>
	<object>
		<name>graymold</name>
		<pose>Unspecified</pose>
		<truncated>0</truncated>
		<difficult>0</difficult>
		<bndbox>
			<xmin>1230</xmin>
			<ymin>1537</ymin>
			<xmax>1274</xmax>
			<ymax>1578</ymax>
		</bndbox>
	</object>
	<object>
		<name>graymold</name>
		<pose>Unspecified</pose>
		<truncated>0</truncated>
		<difficult>0</difficult>
		<bndbox>
			<xmin>1320</xmin>
			<ymin>1351</ymin>
			<xmax>1363</xmax>
			<ymax>1394</ymax>
		</bndbox>
	</object>
	<object>
		<name>graymold</name>
		<pose>Unspecified</pose>
		<truncated>0</truncated>
		<difficult>0</difficult>
		<bndbox>
			<xmin>913</xmin>
			<ymin>1389</ymin>
			<xmax>956</xmax>
			<ymax>1431</ymax>
		</bndbox>
	</object>
	<object>
		<name>graymold</name>
		<pose>Unspecified</pose>
		<truncated>0</truncated>
		<difficult>0</difficult>
		<bndbox>
			<xmin>1295</xmin>
			<ymin>1221</ymin>
			<xmax>1355</xmax>
			<ymax>1275</ymax>
		</bndbox>
	</object>
	<object>
		<name>graymold</name>
		<pose>Unspecified</pose>
		<truncated>0</truncated>
		<difficult>0</difficult>
		<bndbox>
			<xmin>933</xmin>
			<ymin>1136</ymin>
			<xmax>981</xmax>
			<ymax>1188</ymax>
		</bndbox>
	</object>
	<object>
		<name>graymold</name>
		<pose>Unspecified</pose>
		<truncated>0</truncated>
		<difficult>0</difficult>
		<bndbox>
			<xmin>1023</xmin>
			<ymin>1106</ymin>
			<xmax>1069</xmax>
			<ymax>1149</ymax>
		</bndbox>
	</object>
	<object>
		<name>graymold</name>
		<pose>Unspecified</pose>
		<truncated>0</truncated>
		<difficult>0</difficult>
		<bndbox>
			<xmin>1136</xmin>
			<ymin>976</ymin>
			<xmax>1185</xmax>
			<ymax>1023</ymax>
		</bndbox>
	</object>
	<object>
		<name>graymold</name>
		<pose>Unspecified</pose>
		<truncated>0</truncated>
		<difficult>0</difficult>
		<bndbox>
			<xmin>1233</xmin>
			<ymin>1058</ymin>
			<xmax>1284</xmax>
			<ymax>1095</ymax>
		</bndbox>
	</object>
	<object>
		<name>graymold</name>
		<pose>Unspecified</pose>
		<truncated>0</truncated>
		<difficult>0</difficult>
		<bndbox>
			<xmin>1345</xmin>
			<ymin>928</ymin>
			<xmax>1391</xmax>
			<ymax>1004</ymax>
		</bndbox>
	</object>
	<object>
		<name>graymold</name>
		<pose>Unspecified</pose>
		<truncated>0</truncated>
		<difficult>0</difficult>
		<bndbox>
			<xmin>1152</xmin>
			<ymin>1337</ymin>
			<xmax>1213</xmax>
			<ymax>1380</ymax>
		</bndbox>
	</object>
	<object>
		<name>graymold</name>
		<pose>Unspecified</pose>
		<truncated>0</truncated>
		<difficult>0</difficult>
		<bndbox>
			<xmin>1732</xmin>
			<ymin>1378</ymin>
			<xmax>1782</xmax>
			<ymax>1424</ymax>
		</bndbox>
	</object>
	<object>
		<name>graymold</name>
		<pose>Unspecified</pose>
		<truncated>0</truncated>
		<difficult>0</difficult>
		<bndbox>
			<xmin>2170</xmin>
			<ymin>1234</ymin>
			<xmax>2235</xmax>
			<ymax>1291</ymax>
		</bndbox>
	</object>
	<object>
		<name>graymold</name>
		<pose>Unspecified</pose>
		<truncated>0</truncated>
		<difficult>0</difficult>
		<bndbox>
			<xmin>2221</xmin>
			<ymin>1026</ymin>
			<xmax>2262</xmax>
			<ymax>1082</ymax>
		</bndbox>
	</object>
	<object>
		<name>graymold</name>
		<pose>Unspecified</pose>
		<truncated>0</truncated>
		<difficult>0</difficult>
		<bndbox>
			<xmin>2257</xmin>
			<ymin>1001</ymin>
			<xmax>2299</xmax>
			<ymax>1062</ymax>
		</bndbox>
	</object>
	<object>
		<name>graymold</name>
		<pose>Unspecified</pose>
		<truncated>0</truncated>
		<difficult>0</difficult>
		<bndbox>
			<xmin>2040</xmin>
			<ymin>946</ymin>
			<xmax>2101</xmax>
			<ymax>992</ymax>
		</bndbox>
	</object>
	<object>
		<name>graymold</name>
		<pose>Unspecified</pose>
		<truncated>0</truncated>
		<difficult>0</difficult>
		<bndbox>
			<xmin>1706</xmin>
			<ymin>808</ymin>
			<xmax>1775</xmax>
			<ymax>870</ymax>
		</bndbox>
	</object>
	<object>
		<name>graymold</name>
		<pose>Unspecified</pose>
		<truncated>0</truncated>
		<difficult>0</difficult>
		<bndbox>
			<xmin>1542</xmin>
			<ymin>689</ymin>
			<xmax>1584</xmax>
			<ymax>749</ymax>
		</bndbox>
	</object>
	<object>
		<name>graymold</name>
		<pose>Unspecified</pose>
		<truncated>0</truncated>
		<difficult>0</difficult>
		<bndbox>
			<xmin>1553</xmin>
			<ymin>641</ymin>
			<xmax>1607</xmax>
			<ymax>693</ymax>
		</bndbox>
	</object>
	<object>
		<name>graymold</name>
		<pose>Unspecified</pose>
		<truncated>0</truncated>
		<difficult>0</difficult>
		<bndbox>
			<xmin>1636</xmin>
			<ymin>535</ymin>
			<xmax>1682</xmax>
			<ymax>587</ymax>
		</bndbox>
	</object>
	<object>
		<name>graymold</name>
		<pose>Unspecified</pose>
		<truncated>0</truncated>
		<difficult>0</difficult>
		<bndbox>
			<xmin>1811</xmin>
			<ymin>699</ymin>
			<xmax>1864</xmax>
			<ymax>760</ymax>
		</bndbox>
	</object>
	<object>
		<name>graymold</name>
		<pose>Unspecified</pose>
		<truncated>0</truncated>
		<difficult>0</difficult>
		<bndbox>
			<xmin>1928</xmin>
			<ymin>549</ymin>
			<xmax>1971</xmax>
			<ymax>615</ymax>
		</bndbox>
	</object>
	<object>
		<name>graymold</name>
		<pose>Unspecified</pose>
		<truncated>0</truncated>
		<difficult>0</difficult>
		<bndbox>
			<xmin>1796</xmin>
			<ymin>381</ymin>
			<xmax>1855</xmax>
			<ymax>430</ymax>
		</bndbox>
	</object>
	<object>
		<name>graymold</name>
		<pose>Unspecified</pose>
		<truncated>0</truncated>
		<difficult>0</difficult>
		<bndbox>
			<xmin>1855</xmin>
			<ymin>294</ymin>
			<xmax>1897</xmax>
			<ymax>330</ymax>
		</bndbox>
	</object>
	<object>
		<name>graymold</name>
		<pose>Unspecified</pose>
		<truncated>0</truncated>
		<difficult>0</difficult>
		<bndbox>
			<xmin>2011</xmin>
			<ymin>148</ymin>
			<xmax>2066</xmax>
			<ymax>187</ymax>
		</bndbox>
	</object>
	<object>
		<name>graymold</name>
		<pose>Unspecified</pose>
		<truncated>0</truncated>
		<difficult>0</difficult>
		<bndbox>
			<xmin>1566</xmin>
			<ymin>78</ymin>
			<xmax>1616</xmax>
			<ymax>138</ymax>
		</bndbox>
	</object>
	<object>
		<name>graymold</name>
		<pose>Unspecified</pose>
		<truncated>0</truncated>
		<difficult>0</difficult>
		<bndbox>
			<xmin>2146</xmin>
			<ymin>132</ymin>
			<xmax>2202</xmax>
			<ymax>189</ymax>
		</bndbox>
	</object>
	<object>
		<name>graymold</name>
		<pose>Unspecified</pose>
		<truncated>0</truncated>
		<difficult>0</difficult>
		<bndbox>
			<xmin>2102</xmin>
			<ymin>311</ymin>
			<xmax>2149</xmax>
			<ymax>352</ymax>
		</bndbox>
	</object>
	<object>
		<name>graymold</name>
		<pose>Unspecified</pose>
		<truncated>0</truncated>
		<difficult>0</difficult>
		<bndbox>
			<xmin>2159</xmin>
			<ymin>4</ymin>
			<xmax>2201</xmax>
			<ymax>43</ymax>
		</bndbox>
	</object>
	<object>
		<name>graymold</name>
		<pose>Unspecified</pose>
		<truncated>0</truncated>
		<difficult>0</difficult>
		<bndbox>
			<xmin>2517</xmin>
			<ymin>212</ymin>
			<xmax>2553</xmax>
			<ymax>246</ymax>
		</bndbox>
	</object>
	<object>
		<name>graymold</name>
		<pose>Unspecified</pose>
		<truncated>0</truncated>
		<difficult>0</difficult>
		<bndbox>
			<xmin>2470</xmin>
			<ymin>426</ymin>
			<xmax>2511</xmax>
			<ymax>464</ymax>
		</bndbox>
	</object>
	<object>
		<name>graymold</name>
		<pose>Unspecified</pose>
		<truncated>0</truncated>
		<difficult>0</difficult>
		<bndbox>
			<xmin>2644</xmin>
			<ymin>644</ymin>
			<xmax>2702</xmax>
			<ymax>707</ymax>
		</bndbox>
	</object>
	<object>
		<name>graymold</name>
		<pose>Unspecified</pose>
		<truncated>0</truncated>
		<difficult>0</difficult>
		<bndbox>
			<xmin>2425</xmin>
			<ymin>799</ymin>
			<xmax>2480</xmax>
			<ymax>861</ymax>
		</bndbox>
	</object>
	<object>
		<name>graymold</name>
		<pose>Unspecified</pose>
		<truncated>0</truncated>
		<difficult>0</difficult>
		<bndbox>
			<xmin>2345</xmin>
			<ymin>1013</ymin>
			<xmax>2411</xmax>
			<ymax>1063</ymax>
		</bndbox>
	</object>
	<object>
		<name>graymold</name>
		<pose>Unspecified</pose>
		<truncated>0</truncated>
		<difficult>0</difficult>
		<bndbox>
			<xmin>2425</xmin>
			<ymin>986</ymin>
			<xmax>2486</xmax>
			<ymax>1062</ymax>
		</bndbox>
	</object>
	<object>
		<name>graymold</name>
		<pose>Unspecified</pose>
		<truncated>0</truncated>
		<difficult>0</difficult>
		<bndbox>
			<xmin>2416</xmin>
			<ymin>1170</ymin>
			<xmax>2470</xmax>
			<ymax>1213</ymax>
		</bndbox>
	</object>
	<object>
		<name>graymold</name>
		<pose>Unspecified</pose>
		<truncated>0</truncated>
		<difficult>0</difficult>
		<bndbox>
			<xmin>2430</xmin>
			<ymin>1213</ymin>
			<xmax>2483</xmax>
			<ymax>1261</ymax>
		</bndbox>
	</object>
	<object>
		<name>graymold</name>
		<pose>Unspecified</pose>
		<truncated>0</truncated>
		<difficult>0</difficult>
		<bndbox>
			<xmin>2407</xmin>
			<ymin>1254</ymin>
			<xmax>2459</xmax>
			<ymax>1301</ymax>
		</bndbox>
	</object>
	<object>
		<name>graymold</name>
		<pose>Unspecified</pose>
		<truncated>0</truncated>
		<difficult>0</difficult>
		<bndbox>
			<xmin>2365</xmin>
			<ymin>1234</ymin>
			<xmax>2414</xmax>
			<ymax>1304</ymax>
		</bndbox>
	</object>
	<object>
		<name>graymold</name>
		<pose>Unspecified</pose>
		<truncated>0</truncated>
		<difficult>0</difficult>
		<bndbox>
			<xmin>2670</xmin>
			<ymin>999</ymin>
			<xmax>2743</xmax>
			<ymax>1047</ymax>
		</bndbox>
	</object>
	<object>
		<name>graymold</name>
		<pose>Unspecified</pose>
		<truncated>0</truncated>
		<difficult>0</difficult>
		<bndbox>
			<xmin>2676</xmin>
			<ymin>913</ymin>
			<xmax>2726</xmax>
			<ymax>953</ymax>
		</bndbox>
	</object>
	<object>
		<name>graymold</name>
		<pose>Unspecified</pose>
		<truncated>1</truncated>
		<difficult>0</difficult>
		<bndbox>
			<xmin>2701</xmin>
			<ymin>946</ymin>
			<xmax>2748</xmax>
			<ymax>987</ymax>
		</bndbox>
	</object>
	<object>
		<name>graymold</name>
		<pose>Unspecified</pose>
		<truncated>0</truncated>
		<difficult>0</difficult>
		<bndbox>
			<xmin>2551</xmin>
			<ymin>1380</ymin>
			<xmax>2599</xmax>
			<ymax>1433</ymax>
		</bndbox>
	</object>
	<object>
		<name>graymold</name>
		<pose>Unspecified</pose>
		<truncated>0</truncated>
		<difficult>0</difficult>
		<bndbox>
			<xmin>2433</xmin>
			<ymin>1378</ymin>
			<xmax>2481</xmax>
			<ymax>1418</ymax>
		</bndbox>
	</object>
	<object>
		<name>graymold</name>
		<pose>Unspecified</pose>
		<truncated>0</truncated>
		<difficult>0</difficult>
		<bndbox>
			<xmin>2428</xmin>
			<ymin>1499</ymin>
			<xmax>2484</xmax>
			<ymax>1547</ymax>
		</bndbox>
	</object>
	<object>
		<name>graymold</name>
		<pose>Unspecified</pose>
		<truncated>0</truncated>
		<difficult>0</difficult>
		<bndbox>
			<xmin>2453</xmin>
			<ymin>1618</ymin>
			<xmax>2502</xmax>
			<ymax>1674</ymax>
		</bndbox>
	</object>
	<object>
		<name>graymold</name>
		<pose>Unspecified</pose>
		<truncated>0</truncated>
		<difficult>0</difficult>
		<bndbox>
			<xmin>2177</xmin>
			<ymin>1563</ymin>
			<xmax>2222</xmax>
			<ymax>1606</ymax>
		</bndbox>
	</object>
	<object>
		<name>graymold</name>
		<pose>Unspecified</pose>
		<truncated>0</truncated>
		<difficult>0</difficult>
		<bndbox>
			<xmin>2075</xmin>
			<ymin>1501</ymin>
			<xmax>2118</xmax>
			<ymax>1551</ymax>
		</bndbox>
	</object>
	<object>
		<name>graymold</name>
		<pose>Unspecified</pose>
		<truncated>0</truncated>
		<difficult>0</difficult>
		<bndbox>
			<xmin>2040</xmin>
			<ymin>1849</ymin>
			<xmax>2099</xmax>
			<ymax>1899</ymax>
		</bndbox>
	</object>
	<object>
		<name>graymold</name>
		<pose>Unspecified</pose>
		<truncated>0</truncated>
		<difficult>0</difficult>
		<bndbox>
			<xmin>2395</xmin>
			<ymin>2057</ymin>
			<xmax>2450</xmax>
			<ymax>2106</ymax>
		</bndbox>
	</object>
	<object>
		<name>graymold</name>
		<pose>Unspecified</pose>
		<truncated>0</truncated>
		<difficult>0</difficult>
		<bndbox>
			<xmin>1157</xmin>
			<ymin>468</ymin>
			<xmax>1223</xmax>
			<ymax>522</ymax>
		</bndbox>
	</object>
	<object>
		<name>graymold</name>
		<pose>Unspecified</pose>
		<truncated>0</truncated>
		<difficult>0</difficult>
		<bndbox>
			<xmin>890</xmin>
			<ymin>504</ymin>
			<xmax>940</xmax>
			<ymax>607</ymax>
		</bndbox>
	</object>
	<object>
		<name>graymold</name>
		<pose>Unspecified</pose>
		<truncated>0</truncated>
		<difficult>0</difficult>
		<bndbox>
			<xmin>548</xmin>
			<ymin>567</ymin>
			<xmax>619</xmax>
			<ymax>622</ymax>
		</bndbox>
	</object>
	<object>
		<name>graymold</name>
		<pose>Unspecified</pose>
		<truncated>0</truncated>
		<difficult>0</difficult>
		<bndbox>
			<xmin>428</xmin>
			<ymin>540</ymin>
			<xmax>481</xmax>
			<ymax>621</ymax>
		</bndbox>
	</object>
	<object>
		<name>graymold</name>
		<pose>Unspecified</pose>
		<truncated>0</truncated>
		<difficult>0</difficult>
		<bndbox>
			<xmin>332</xmin>
			<ymin>447</ymin>
			<xmax>387</xmax>
			<ymax>503</ymax>
		</bndbox>
	</object>
	<object>
		<name>graymold</name>
		<pose>Unspecified</pose>
		<truncated>0</truncated>
		<difficult>0</difficult>
		<bndbox>
			<xmin>384</xmin>
			<ymin>445</ymin>
			<xmax>424</xmax>
			<ymax>484</ymax>
		</bndbox>
	</object>
	<object>
		<name>graymold</name>
		<pose>Unspecified</pose>
		<truncated>0</truncated>
		<difficult>0</difficult>
		<bndbox>
			<xmin>404</xmin>
			<ymin>474</ymin>
			<xmax>461</xmax>
			<ymax>523</ymax>
		</bndbox>
	</object>
	<object>
		<name>graymold</name>
		<pose>Unspecified</pose>
		<truncated>0</truncated>
		<difficult>0</difficult>
		<bndbox>
			<xmin>448</xmin>
			<ymin>516</ymin>
			<xmax>473</xmax>
			<ymax>540</ymax>
		</bndbox>
	</object>
	<object>
		<name>graymold</name>
		<pose>Unspecified</pose>
		<truncated>0</truncated>
		<difficult>0</difficult>
		<bndbox>
			<xmin>465</xmin>
			<ymin>527</ymin>
			<xmax>498</xmax>
			<ymax>559</ymax>
		</bndbox>
	</object>
	<object>
		<name>graymold</name>
		<pose>Unspecified</pose>
		<truncated>0</truncated>
		<difficult>0</difficult>
		<bndbox>
			<xmin>953</xmin>
			<ymin>251</ymin>
			<xmax>1000</xmax>
			<ymax>300</ymax>
		</bndbox>
	</object>
	<object>
		<name>graymold</name>
		<pose>Unspecified</pose>
		<truncated>0</truncated>
		<difficult>0</difficult>
		<bndbox>
			<xmin>1023</xmin>
			<ymin>155</ymin>
			<xmax>1075</xmax>
			<ymax>197</ymax>
		</bndbox>
	</object>
	<object>
		<name>graymold</name>
		<pose>Unspecified</pose>
		<truncated>0</truncated>
		<difficult>0</difficult>
		<bndbox>
			<xmin>670</xmin>
			<ymin>24</ymin>
			<xmax>732</xmax>
			<ymax>70</ymax>
		</bndbox>
	</object>
	<object>
		<name>graymold</name>
		<pose>Unspecified</pose>
		<truncated>1</truncated>
		<difficult>0</difficult>
		<bndbox>
			<xmin>1075</xmin>
			<ymin>1</ymin>
			<xmax>1139</xmax>
			<ymax>36</ymax>
		</bndbox>
	</object>
	<object>
		<name>graymold</name>
		<pose>Unspecified</pose>
		<truncated>0</truncated>
		<difficult>0</difficult>
		<bndbox>
			<xmin>1205</xmin>
			<ymin>173</ymin>
			<xmax>1242</xmax>
			<ymax>216</ymax>
		</bndbox>
	</object>
	<object>
		<name>graymold</name>
		<pose>Unspecified</pose>
		<truncated>0</truncated>
		<difficult>0</difficult>
		<bndbox>
			<xmin>1239</xmin>
			<ymin>169</ymin>
			<xmax>1294</xmax>
			<ymax>226</ymax>
		</bndbox>
	</object>
	<object>
		<name>graymold</name>
		<pose>Unspecified</pose>
		<truncated>0</truncated>
		<difficult>0</difficult>
		<bndbox>
			<xmin>1204</xmin>
			<ymin>213</ymin>
			<xmax>1272</xmax>
			<ymax>280</ymax>
		</bndbox>
	</object>
	<object>
		<name>graymold</name>
		<pose>Unspecified</pose>
		<truncated>0</truncated>
		<difficult>0</difficult>
		<bndbox>
			<xmin>21</xmin>
			<ymin>1172</ymin>
			<xmax>65</xmax>
			<ymax>1227</ymax>
		</bndbox>
	</object>
	<object>
		<name>graymold</name>
		<pose>Unspecified</pose>
		<truncated>0</truncated>
		<difficult>0</difficult>
		<bndbox>
			<xmin>92</xmin>
			<ymin>1098</ymin>
			<xmax>143</xmax>
			<ymax>1140</ymax>
		</bndbox>
	</object>
	<object>
		<name>graymold</name>
		<pose>Unspecified</pose>
		<truncated>0</truncated>
		<difficult>0</difficult>
		<bndbox>
			<xmin>248</xmin>
			<ymin>923</ymin>
			<xmax>317</xmax>
			<ymax>968</ymax>
		</bndbox>
	</object>
	<object>
		<name>graymold</name>
		<pose>Unspecified</pose>
		<truncated>0</truncated>
		<difficult>0</difficult>
		<bndbox>
			<xmin>47</xmin>
			<ymin>902</ymin>
			<xmax>88</xmax>
			<ymax>972</ymax>
		</bndbox>
	</object>
	<object>
		<name>graymold</name>
		<pose>Unspecified</pose>
		<truncated>0</truncated>
		<difficult>0</difficult>
		<bndbox>
			<xmin>128</xmin>
			<ymin>731</ymin>
			<xmax>180</xmax>
			<ymax>784</ymax>
		</bndbox>
	</object>
	<object>
		<name>graymold</name>
		<pose>Unspecified</pose>
		<truncated>0</truncated>
		<difficult>0</difficult>
		<bndbox>
			<xmin>75</xmin>
			<ymin>724</ymin>
			<xmax>125</xmax>
			<ymax>763</ymax>
		</bndbox>
	</object>
	<object>
		<name>graymold</name>
		<pose>Unspecified</pose>
		<truncated>0</truncated>
		<difficult>0</difficult>
		<bndbox>
			<xmin>39</xmin>
			<ymin>701</ymin>
			<xmax>89</xmax>
			<ymax>743</ymax>
		</bndbox>
	</object>
	<object>
		<name>graymold</name>
		<pose>Unspecified</pose>
		<truncated>0</truncated>
		<difficult>0</difficult>
		<bndbox>
			<xmin>111</xmin>
			<ymin>605</ymin>
			<xmax>172</xmax>
			<ymax>652</ymax>
		</bndbox>
	</object>
	<object>
		<name>graymold</name>
		<pose>Unspecified</pose>
		<truncated>1</truncated>
		<difficult>0</difficult>
		<bndbox>
			<xmin>1</xmin>
			<ymin>592</ymin>
			<xmax>31</xmax>
			<ymax>651</ymax>
		</bndbox>
	</object>
	<object>
		<name>graymold</name>
		<pose>Unspecified</pose>
		<truncated>1</truncated>
		<difficult>0</difficult>
		<bndbox>
			<xmin>1</xmin>
			<ymin>545</ymin>
			<xmax>23</xmax>
			<ymax>590</ymax>
		</bndbox>
	</object>
	<object>
		<name>graymold</name>
		<pose>Unspecified</pose>
		<truncated>0</truncated>
		<difficult>0</difficult>
		<bndbox>
			<xmin>11</xmin>
			<ymin>287</ymin>
			<xmax>70</xmax>
			<ymax>352</ymax>
		</bndbox>
	</object>
	<object>
		<name>graymold</name>
		<pose>Unspecified</pose>
		<truncated>0</truncated>
		<difficult>0</difficult>
		<bndbox>
			<xmin>276</xmin>
			<ymin>130</ymin>
			<xmax>329</xmax>
			<ymax>188</ymax>
		</bndbox>
	</object>
	<object>
		<name>graymold</name>
		<pose>Unspecified</pose>
		<truncated>1</truncated>
		<difficult>0</difficult>
		<bndbox>
			<xmin>1</xmin>
			<ymin>1</ymin>
			<xmax>69</xmax>
			<ymax>32</ymax>
		</bndbox>
	</object>
</annotation>
