<annotation>
	<folder>JPEGImages</folder>
	<filename>7.jpg</filename>
	<path>H:\paper-2\spore\JPEGImages\7.jpg</path>
	<source>
		<database>Unknown</database>
	</source>
	<size>
		<width>2748</width>
		<height>2200</height>
		<depth>3</depth>
	</size>
	<segmented>0</segmented>
	<object>
		<name>powderymildew</name>
		<pose>Unspecified</pose>
		<truncated>0</truncated>
		<difficult>0</difficult>
		<bndbox>
			<xmin>1038</xmin>
			<ymin>2029</ymin>
			<xmax>1173</xmax>
			<ymax>2118</ymax>
		</bndbox>
	</object>
	<object>
		<name>powderymildew</name>
		<pose>Unspecified</pose>
		<truncated>1</truncated>
		<difficult>0</difficult>
		<bndbox>
			<xmin>1149</xmin>
			<ymin>1</ymin>
			<xmax>1245</xmax>
			<ymax>54</ymax>
		</bndbox>
	</object>
	<object>
		<name>powderymildew</name>
		<pose>Unspecified</pose>
		<truncated>0</truncated>
		<difficult>0</difficult>
		<bndbox>
			<xmin>907</xmin>
			<ymin>168</ymin>
			<xmax>1017</xmax>
			<ymax>321</ymax>
		</bndbox>
	</object>
	<object>
		<name>powderymildew</name>
		<pose>Unspecified</pose>
		<truncated>0</truncated>
		<difficult>0</difficult>
		<bndbox>
			<xmin>1003</xmin>
			<ymin>216</ymin>
			<xmax>1154</xmax>
			<ymax>301</ymax>
		</bndbox>
	</object>
	<object>
		<name>powderymildew</name>
		<pose>Unspecified</pose>
		<truncated>0</truncated>
		<difficult>0</difficult>
		<bndbox>
			<xmin>1628</xmin>
			<ymin>263</ymin>
			<xmax>1748</xmax>
			<ymax>354</ymax>
		</bndbox>
	</object>
	<object>
		<name>powderymildew</name>
		<pose>Unspecified</pose>
		<truncated>0</truncated>
		<difficult>0</difficult>
		<bndbox>
			<xmin>1811</xmin>
			<ymin>1032</ymin>
			<xmax>1910</xmax>
			<ymax>1148</ymax>
		</bndbox>
	</object>
	<object>
		<name>powderymildew</name>
		<pose>Unspecified</pose>
		<truncated>0</truncated>
		<difficult>0</difficult>
		<bndbox>
			<xmin>1864</xmin>
			<ymin>1020</ymin>
			<xmax>1944</xmax>
			<ymax>1145</ymax>
		</bndbox>
	</object>
	<object>
		<name>powderymildew</name>
		<pose>Unspecified</pose>
		<truncated>0</truncated>
		<difficult>0</difficult>
		<bndbox>
			<xmin>1947</xmin>
			<ymin>980</ymin>
			<xmax>2102</xmax>
			<ymax>1080</ymax>
		</bndbox>
	</object>
	<object>
		<name>powderymildew</name>
		<pose>Unspecified</pose>
		<truncated>0</truncated>
		<difficult>0</difficult>
		<bndbox>
			<xmin>1977</xmin>
			<ymin>780</ymin>
			<xmax>2141</xmax>
			<ymax>873</ymax>
		</bndbox>
	</object>
	<object>
		<name>powderymildew</name>
		<pose>Unspecified</pose>
		<truncated>0</truncated>
		<difficult>0</difficult>
		<bndbox>
			<xmin>1984</xmin>
			<ymin>865</ymin>
			<xmax>2093</xmax>
			<ymax>995</ymax>
		</bndbox>
	</object>
	<object>
		<name>powderymildew</name>
		<pose>Unspecified</pose>
		<truncated>1</truncated>
		<difficult>0</difficult>
		<bndbox>
			<xmin>2439</xmin>
			<ymin>2096</ymin>
			<xmax>2547</xmax>
			<ymax>2200</ymax>
		</bndbox>
	</object>
	<object>
		<name>powderymildew</name>
		<pose>Unspecified</pose>
		<truncated>0</truncated>
		<difficult>0</difficult>
		<bndbox>
			<xmin>1878</xmin>
			<ymin>381</ymin>
			<xmax>2014</xmax>
			<ymax>474</ymax>
		</bndbox>
	</object>
</annotation>
